<?xml version="1.0" encoding="UTF-8"?>
<questestinterop xmlns="http://www.imsglobal.org/xsd/ims_qtiasiv1p2" xmlns:xsi="http://www.w3.org/2001/XMLSchema-instance" xsi:schemaLocation="http://www.imsglobal.org/xsd/ims_qtiasiv1p2 http://www.imsglobal.org/xsd/ims_qtiasiv1p2p1.xsd"><assessment ident="a8904eb72c7c1a565b5b1f5330605228748691ee3df2651f4dbc19468d070c8c5be2c074fe1763b7" title="Forms"><qtimetadata><qtimetadatafield><fieldlabel>cc_maxattempts</fieldlabel><fieldentry>1</fieldentry></qtimetadatafield></qtimetadata><section ident="root_section"><item ident="c71c30f82eac9f807ba4cf70514eae6e26d5c3f179eaae73092abc2ee11c0cb6aefc0b0fa5817183" title="Question"><itemmetadata><qtimetadata><qtimetadatafield><fieldlabel>question_type</fieldlabel><fieldentry>multiple_choice_question</fieldentry></qtimetadatafield><qtimetadatafield><fieldlabel>points_possible</fieldlabel><fieldentry>1</fieldentry></qtimetadatafield><qtimetadatafield><fieldlabel>original_answer_ids</fieldlabel><fieldentry>e7a21ac3a84f294e3748c878e5d32defd02b0d4ac09ea3adcb5edf16a4bf26476e80ac736086cb9f,769660fc5a6b4c94c98d512a6db9898ed9b7ffd12cf845ab61db17562ab5e9a0ab00425ef2bdee31,8b96e01bc0e16a631d297dca300ade2e57c1715b9270f6f7473cc4471a9f0f19f6991ac5a9066182,6c01ad3f2449fc0dec92fed26ad47d5357ac2d3a5fe54bfc1c333f65a1e93b83c5951714b2b688d2</fieldentry></qtimetadatafield><qtimetadatafield><fieldlabel>assessment_question_identifierref</fieldlabel><fieldentry>0af629c0e49e95e561e80a6fbb278985c05a63201eedc2d56ac1e6817346f254bfa0839ae25542de</fieldentry></qtimetadatafield></qtimetadata></itemmetadata><presentation><material><mattext texttype="text/html">Which HTML tag is used to create a form?</mattext></material><response_lid ident="response1" rcardinality="Single"><render_choice><response_label ident="e7a21ac3a84f294e3748c878e5d32defd02b0d4ac09ea3adcb5edf16a4bf26476e80ac736086cb9f"><material><mattext texttype="text/html">field</mattext></material></response_label><response_label ident="769660fc5a6b4c94c98d512a6db9898ed9b7ffd12cf845ab61db17562ab5e9a0ab00425ef2bdee31"><material><mattext texttype="text/html">inputbox</mattext></material></response_label><response_label ident="8b96e01bc0e16a631d297dca300ade2e57c1715b9270f6f7473cc4471a9f0f19f6991ac5a9066182"><material><mattext texttype="text/html">form</mattext></material></response_label><response_label ident="6c01ad3f2449fc0dec92fed26ad47d5357ac2d3a5fe54bfc1c333f65a1e93b83c5951714b2b688d2"><material><mattext texttype="text/html">textbox</mattext></material></response_label></render_choice></response_lid></presentation><resprocessing><outcomes><decvar maxvalue="100" minvalue="0" varname="SCORE" vartype="Decimal"/></outcomes><respcondition continue="No"><conditionvar><varequal respident="response1">8b96e01bc0e16a631d297dca300ade2e57c1715b9270f6f7473cc4471a9f0f19f6991ac5a9066182</varequal></conditionvar><setvar actoin="Set" varname="SCORE">100</setvar></respcondition></resprocessing></item><item ident="c50da729bfccd7b26ad19046bbd9ab194144947093007edb994d1f8ff13d01b840f51dd4c6a9893b" title="Question"><itemmetadata><qtimetadata><qtimetadatafield><fieldlabel>question_type</fieldlabel><fieldentry>multiple_choice_question</fieldentry></qtimetadatafield><qtimetadatafield><fieldlabel>points_possible</fieldlabel><fieldentry>1</fieldentry></qtimetadatafield><qtimetadatafield><fieldlabel>original_answer_ids</fieldlabel><fieldentry>a184622552e2e91ac434b068610cada1b7a46719410238678df15e182aa3a34abc6d5902b34f7dc6,34e048ccd1c1777c7c23c9f900024ee1e2a31e428c9d17bd975aefb533f40b36136eb23d0d4b7e63,ed646439273a087c6294091e7700ad6fe3ee3ee51f4d72774432942565b8e7010b69fb0d0c9f8ad2,81e1bc0c7fb3c4d26c7270585404ac5360e9393234a8cae260f57a887936dffc4c26a04173948980</fieldentry></qtimetadatafield><qtimetadatafield><fieldlabel>assessment_question_identifierref</fieldlabel><fieldentry>f03352a25ea2d8ad3910108184656213e965590b976b2425b7b920aea2068cb08bfa3ae39a2ba12e</fieldentry></qtimetadatafield></qtimetadata></itemmetadata><presentation><material><mattext texttype="text/html">What is the attribute for specifying the type of input element?</mattext></material><response_lid ident="response1" rcardinality="Single"><render_choice><response_label ident="a184622552e2e91ac434b068610cada1b7a46719410238678df15e182aa3a34abc6d5902b34f7dc6"><material><mattext texttype="text/html">kind</mattext></material></response_label><response_label ident="34e048ccd1c1777c7c23c9f900024ee1e2a31e428c9d17bd975aefb533f40b36136eb23d0d4b7e63"><material><mattext texttype="text/html">category</mattext></material></response_label><response_label ident="ed646439273a087c6294091e7700ad6fe3ee3ee51f4d72774432942565b8e7010b69fb0d0c9f8ad2"><material><mattext texttype="text/html">field</mattext></material></response_label><response_label ident="81e1bc0c7fb3c4d26c7270585404ac5360e9393234a8cae260f57a887936dffc4c26a04173948980"><material><mattext texttype="text/html">type</mattext></material></response_label></render_choice></response_lid></presentation><resprocessing><outcomes><decvar maxvalue="100" minvalue="0" varname="SCORE" vartype="Decimal"/></outcomes><respcondition continue="No"><conditionvar><varequal respident="response1">81e1bc0c7fb3c4d26c7270585404ac5360e9393234a8cae260f57a887936dffc4c26a04173948980</varequal></conditionvar><setvar actoin="Set" varname="SCORE">100</setvar></respcondition></resprocessing></item><item ident="0a7608a8112d6f2ade160b71fd51da095217fcee9348ab001686134c7f00244223a4c8b0f17c6d47" title="Question"><itemmetadata><qtimetadata><qtimetadatafield><fieldlabel>question_type</fieldlabel><fieldentry>multiple_choice_question</fieldentry></qtimetadatafield><qtimetadatafield><fieldlabel>points_possible</fieldlabel><fieldentry>1</fieldentry></qtimetadatafield><qtimetadatafield><fieldlabel>original_answer_ids</fieldlabel><fieldentry>4c4b4d4e18f1b15bca403f2535125d7bcfca50fca9e6a5c20418423e50ca2549fbab48b0e9441e3c,fa48043bf7227b4a29fd28f03529e48a90d68d56e8d9b263f335398cec057b9bcfadce9255f3ca1e,d182bdb2355e2e38ba6a465df2b1d597c529147147a9286b2482ea7a51193e4086b318fe00d4b787,25a3a099a3e0f60e974c2f5359c8282b3dd13f73bacfcecb13aab994e4e917d506eb9f3cfae1c9b2</fieldentry></qtimetadatafield><qtimetadatafield><fieldlabel>assessment_question_identifierref</fieldlabel><fieldentry>c558c178ea6ba35ba43763132f1e5a0fd5afaa08a8951a11eeab2c863dc276c44f44b817761d50ac</fieldentry></qtimetadatafield></qtimetadata></itemmetadata><presentation><material><mattext texttype="text/html">If you want to have a single-line text input field, what type of input element would you use?</mattext></material><response_lid ident="response1" rcardinality="Single"><render_choice><response_label ident="4c4b4d4e18f1b15bca403f2535125d7bcfca50fca9e6a5c20418423e50ca2549fbab48b0e9441e3c"><material><mattext texttype="text/html">password</mattext></material></response_label><response_label ident="fa48043bf7227b4a29fd28f03529e48a90d68d56e8d9b263f335398cec057b9bcfadce9255f3ca1e"><material><mattext texttype="text/html">text</mattext></material></response_label><response_label ident="d182bdb2355e2e38ba6a465df2b1d597c529147147a9286b2482ea7a51193e4086b318fe00d4b787"><material><mattext texttype="text/html">checkbox</mattext></material></response_label><response_label ident="25a3a099a3e0f60e974c2f5359c8282b3dd13f73bacfcecb13aab994e4e917d506eb9f3cfae1c9b2"><material><mattext texttype="text/html">button</mattext></material></response_label></render_choice></response_lid></presentation><resprocessing><outcomes><decvar maxvalue="100" minvalue="0" varname="SCORE" vartype="Decimal"/></outcomes><respcondition continue="No"><conditionvar><varequal respident="response1">fa48043bf7227b4a29fd28f03529e48a90d68d56e8d9b263f335398cec057b9bcfadce9255f3ca1e</varequal></conditionvar><setvar actoin="Set" varname="SCORE">100</setvar></respcondition></resprocessing></item><item ident="f49a9a07580666de245a0a055749619dbd3dd234f8b5a7bd38db4eb353a846a8219988a042393dc2" title="Question"><itemmetadata><qtimetadata><qtimetadatafield><fieldlabel>question_type</fieldlabel><fieldentry>multiple_choice_question</fieldentry></qtimetadatafield><qtimetadatafield><fieldlabel>points_possible</fieldlabel><fieldentry>1</fieldentry></qtimetadatafield><qtimetadatafield><fieldlabel>original_answer_ids</fieldlabel><fieldentry>0b11825e018c9e148da21465ae515c354cadaf94db1a8aa15e626f799e43fbd1ff219da5d0190a3d,28ba8c78012c4fd09320e6905829dbb48f1221b0219fa3b0c8c15e5db4b7f2d105f4f5af7fe89050,c97a9938d9fb34c072c69ca22b46da15534fef78a87021b6f17dc1544d0a574ad46ca5c5ac4513aa,69008a44e57ed15bd5591f8ee2a50b74687bae05fd3701ad4911290764c9f835dfbf5b6c568a8ead</fieldentry></qtimetadatafield><qtimetadatafield><fieldlabel>assessment_question_identifierref</fieldlabel><fieldentry>730f2f3131d136c54a7e647bcd9946b54cdd5f648ecd81a8417c755e9cac220751ddc449839886a8</fieldentry></qtimetadatafield></qtimetadata></itemmetadata><presentation><material><mattext texttype="text/html">Which of the following is used to group a set of related form fields?</mattext></material><response_lid ident="response1" rcardinality="Single"><render_choice><response_label ident="0b11825e018c9e148da21465ae515c354cadaf94db1a8aa15e626f799e43fbd1ff219da5d0190a3d"><material><mattext texttype="text/html">group</mattext></material></response_label><response_label ident="28ba8c78012c4fd09320e6905829dbb48f1221b0219fa3b0c8c15e5db4b7f2d105f4f5af7fe89050"><material><mattext texttype="text/html">set</mattext></material></response_label><response_label ident="c97a9938d9fb34c072c69ca22b46da15534fef78a87021b6f17dc1544d0a574ad46ca5c5ac4513aa"><material><mattext texttype="text/html">fieldset</mattext></material></response_label><response_label ident="69008a44e57ed15bd5591f8ee2a50b74687bae05fd3701ad4911290764c9f835dfbf5b6c568a8ead"><material><mattext texttype="text/html">combine</mattext></material></response_label></render_choice></response_lid></presentation><resprocessing><outcomes><decvar maxvalue="100" minvalue="0" varname="SCORE" vartype="Decimal"/></outcomes><respcondition continue="No"><conditionvar><varequal respident="response1">c97a9938d9fb34c072c69ca22b46da15534fef78a87021b6f17dc1544d0a574ad46ca5c5ac4513aa</varequal></conditionvar><setvar actoin="Set" varname="SCORE">100</setvar></respcondition></resprocessing></item><item ident="37859c44d32cb99e154a2ebf63fbb87d8801a0a784e85039080da0759da859d07c3aeb45e71b4fb6" title="Question"><itemmetadata><qtimetadata><qtimetadatafield><fieldlabel>question_type</fieldlabel><fieldentry>multiple_choice_question</fieldentry></qtimetadatafield><qtimetadatafield><fieldlabel>points_possible</fieldlabel><fieldentry>1</fieldentry></qtimetadatafield><qtimetadatafield><fieldlabel>original_answer_ids</fieldlabel><fieldentry>6994eb0a1dd78e56263f35c857a3c2c1e43fc2d7de6bf96b6e0e816473e18837d526b1b44df74dfb,d688dbade79dfd9616696ea23dcb04a16e927f36ad95688356012cd4c592a4bdb4dda7feef9cdd41,57208e2b3bcc718316e7ed46d85ae18ae32708794cea2c2781ba21afe0ded763558ad61065a721c8,d8e92a0e2cc56c601acc6f26922059675a9463650145eaea4ea5d9ddd09f2562053c28b869b40c35</fieldentry></qtimetadatafield><qtimetadatafield><fieldlabel>assessment_question_identifierref</fieldlabel><fieldentry>66571e30807c7aeed945bd6dd38482b4d826c3bb5f74ac551076fc62e939447a741bfcf81f271154</fieldentry></qtimetadatafield></qtimetadata></itemmetadata><presentation><material><mattext texttype="text/html">What HTML tag is used to create a dropdown list in a form?</mattext></material><response_lid ident="response1" rcardinality="Single"><render_choice><response_label ident="6994eb0a1dd78e56263f35c857a3c2c1e43fc2d7de6bf96b6e0e816473e18837d526b1b44df74dfb"><material><mattext texttype="text/html">dropdown</mattext></material></response_label><response_label ident="d688dbade79dfd9616696ea23dcb04a16e927f36ad95688356012cd4c592a4bdb4dda7feef9cdd41"><material><mattext texttype="text/html">choose</mattext></material></response_label><response_label ident="57208e2b3bcc718316e7ed46d85ae18ae32708794cea2c2781ba21afe0ded763558ad61065a721c8"><material><mattext texttype="text/html">optionset</mattext></material></response_label><response_label ident="d8e92a0e2cc56c601acc6f26922059675a9463650145eaea4ea5d9ddd09f2562053c28b869b40c35"><material><mattext texttype="text/html">select</mattext></material></response_label></render_choice></response_lid></presentation><resprocessing><outcomes><decvar maxvalue="100" minvalue="0" varname="SCORE" vartype="Decimal"/></outcomes><respcondition continue="No"><conditionvar><varequal respident="response1">d8e92a0e2cc56c601acc6f26922059675a9463650145eaea4ea5d9ddd09f2562053c28b869b40c35</varequal></conditionvar><setvar actoin="Set" varname="SCORE">100</setvar></respcondition></resprocessing></item><item ident="972c6e398bfbf8addb6bf1eb990e680ba5368e1bfca4c17ffc6d6fc80ee0270e29b5484a7fb61d84" title="Question"><itemmetadata><qtimetadata><qtimetadatafield><fieldlabel>question_type</fieldlabel><fieldentry>multiple_choice_question</fieldentry></qtimetadatafield><qtimetadatafield><fieldlabel>points_possible</fieldlabel><fieldentry>1</fieldentry></qtimetadatafield><qtimetadatafield><fieldlabel>original_answer_ids</fieldlabel><fieldentry>ef3bc3453b7e442e8e7537787edc8d4e0e52c819dfce53f5bf8c965b0471ceb8157fee354ac1bba4,033699258ecbd72f11975e8e0b2c44fcbb9d98842a0753d1c20fe6706609dbc6c3f8e10ab924fb7b,d7239db1e155e47cef6abbd9486bd2eb507ad938d3894a7a6591c60516f863e596e9b70df19a395c,7a4d9176105b0e38234abc5d82b9327083c343f2a443170393f34e701508484014047ce49da7464b</fieldentry></qtimetadatafield><qtimetadatafield><fieldlabel>assessment_question_identifierref</fieldlabel><fieldentry>3b7d0b7eab376ea141f2cdb101ab18e11fc1959818220b905bb6c121033040e410b499abf0b68eaa</fieldentry></qtimetadatafield></qtimetadata></itemmetadata><presentation><material><mattext texttype="text/html">How would you style the background color of all input fields in a form using CSS?</mattext></material><response_lid ident="response1" rcardinality="Single"><render_choice><response_label ident="ef3bc3453b7e442e8e7537787edc8d4e0e52c819dfce53f5bf8c965b0471ceb8157fee354ac1bba4"><material><mattext texttype="text/html">form { background-color: yellow; }</mattext></material></response_label><response_label ident="033699258ecbd72f11975e8e0b2c44fcbb9d98842a0753d1c20fe6706609dbc6c3f8e10ab924fb7b"><material><mattext texttype="text/html">input { background-color: yellow; }</mattext></material></response_label><response_label ident="d7239db1e155e47cef6abbd9486bd2eb507ad938d3894a7a6591c60516f863e596e9b70df19a395c"><material><mattext texttype="text/html">form-input { background-color: yellow; }</mattext></material></response_label><response_label ident="7a4d9176105b0e38234abc5d82b9327083c343f2a443170393f34e701508484014047ce49da7464b"><material><mattext texttype="text/html">form.field { background-color: yellow; }</mattext></material></response_label></render_choice></response_lid></presentation><resprocessing><outcomes><decvar maxvalue="100" minvalue="0" varname="SCORE" vartype="Decimal"/></outcomes><respcondition continue="No"><conditionvar><varequal respident="response1">033699258ecbd72f11975e8e0b2c44fcbb9d98842a0753d1c20fe6706609dbc6c3f8e10ab924fb7b</varequal></conditionvar><setvar actoin="Set" varname="SCORE">100</setvar></respcondition></resprocessing></item><item ident="25b17b1332ec625d08b317d0daefbbdfa2012d65f2c6f95d2ae912e95278ad4077b0cf3402771ce4" title="Question"><itemmetadata><qtimetadata><qtimetadatafield><fieldlabel>question_type</fieldlabel><fieldentry>multiple_choice_question</fieldentry></qtimetadatafield><qtimetadatafield><fieldlabel>points_possible</fieldlabel><fieldentry>1</fieldentry></qtimetadatafield><qtimetadatafield><fieldlabel>original_answer_ids</fieldlabel><fieldentry>e1bbe515abec747c1fdb58c6213e64ac4b783c6f3bfd06397e814a69016d499e3931e3aa288e1fd9,7686afa2d142124060f7d29b6d2ab7fe161e6b5cde84123f8eb18708ec99188c3a30783430f7a4e1,f274dd493d23ad85fab651181b8fd01de7c7b19c2fcc307f24fe9dafa7e98b5f63fd76f0c46d4053,cea43d0be97bc89f742ef943be24b630466d3dd74e60962d356b48ba043cba31585d778ebaf69ca9</fieldentry></qtimetadatafield><qtimetadatafield><fieldlabel>assessment_question_identifierref</fieldlabel><fieldentry>5e145e48fbc4cb4dbb7c8c20463b038991f7bedca1f62e9317aca2241e7bb26235a422a408b519b0</fieldentry></qtimetadatafield></qtimetadata></itemmetadata><presentation><material><mattext texttype="text/html">Which input type creates a round button that allows the user to select one option out of a group?</mattext></material><response_lid ident="response1" rcardinality="Single"><render_choice><response_label ident="e1bbe515abec747c1fdb58c6213e64ac4b783c6f3bfd06397e814a69016d499e3931e3aa288e1fd9"><material><mattext texttype="text/html">checkbox</mattext></material></response_label><response_label ident="7686afa2d142124060f7d29b6d2ab7fe161e6b5cde84123f8eb18708ec99188c3a30783430f7a4e1"><material><mattext texttype="text/html">radio</mattext></material></response_label><response_label ident="f274dd493d23ad85fab651181b8fd01de7c7b19c2fcc307f24fe9dafa7e98b5f63fd76f0c46d4053"><material><mattext texttype="text/html">button</mattext></material></response_label><response_label ident="cea43d0be97bc89f742ef943be24b630466d3dd74e60962d356b48ba043cba31585d778ebaf69ca9"><material><mattext texttype="text/html">select</mattext></material></response_label></render_choice></response_lid></presentation><resprocessing><outcomes><decvar maxvalue="100" minvalue="0" varname="SCORE" vartype="Decimal"/></outcomes><respcondition continue="No"><conditionvar><varequal respident="response1">7686afa2d142124060f7d29b6d2ab7fe161e6b5cde84123f8eb18708ec99188c3a30783430f7a4e1</varequal></conditionvar><setvar actoin="Set" varname="SCORE">100</setvar></respcondition></resprocessing></item><item ident="efd78f01cbdc86c14d17ad9ae867e1b8470c394379da49be3252c330dc0666de636529c6c9c7dee6" title="Question"><itemmetadata><qtimetadata><qtimetadatafield><fieldlabel>question_type</fieldlabel><fieldentry>multiple_choice_question</fieldentry></qtimetadatafield><qtimetadatafield><fieldlabel>points_possible</fieldlabel><fieldentry>1</fieldentry></qtimetadatafield><qtimetadatafield><fieldlabel>original_answer_ids</fieldlabel><fieldentry>8f9003e481e1ddace294f68762fe364884fd8abed1dca370a617037a00e71f78f3cdc51c0b93b85b,0d8ca434d278a52c763e45ce8c41d3e1c66baef76181f445d833e028aca059dc3ecfc344e3e846f5,b56724351efcf784613610f1970da487b2d6dbc67d113c951d28d1c8d69a39cc8e1e17f00eef6535,28b49c7d1a877ab09afc3ae4eac57a32766db55b83db5883559572ecf966bb26981358c4991e16ef</fieldentry></qtimetadatafield><qtimetadatafield><fieldlabel>assessment_question_identifierref</fieldlabel><fieldentry>851b9d2ccfab6357f52f90d735997382e8a254c94b73cff2359c6d9fe15d035336c47f368d3e0ddd</fieldentry></qtimetadatafield></qtimetadata></itemmetadata><presentation><material><mattext texttype="text/html">What attribute is required in a form tag to specify where to send the form data?</mattext></material><response_lid ident="response1" rcardinality="Single"><render_choice><response_label ident="8f9003e481e1ddace294f68762fe364884fd8abed1dca370a617037a00e71f78f3cdc51c0b93b85b"><material><mattext texttype="text/html">link</mattext></material></response_label><response_label ident="0d8ca434d278a52c763e45ce8c41d3e1c66baef76181f445d833e028aca059dc3ecfc344e3e846f5"><material><mattext texttype="text/html">action</mattext></material></response_label><response_label ident="b56724351efcf784613610f1970da487b2d6dbc67d113c951d28d1c8d69a39cc8e1e17f00eef6535"><material><mattext texttype="text/html">sendto</mattext></material></response_label><response_label ident="28b49c7d1a877ab09afc3ae4eac57a32766db55b83db5883559572ecf966bb26981358c4991e16ef"><material><mattext texttype="text/html">method</mattext></material></response_label></render_choice></response_lid></presentation><resprocessing><outcomes><decvar maxvalue="100" minvalue="0" varname="SCORE" vartype="Decimal"/></outcomes><respcondition continue="No"><conditionvar><varequal respident="response1">0d8ca434d278a52c763e45ce8c41d3e1c66baef76181f445d833e028aca059dc3ecfc344e3e846f5</varequal></conditionvar><setvar actoin="Set" varname="SCORE">100</setvar></respcondition></resprocessing></item><item ident="73cf0d30f7dabc335a34a766e13e966654c67bdb91ce2a61919619c21c2fa12ee45cdf5a8b275103" title="Question"><itemmetadata><qtimetadata><qtimetadatafield><fieldlabel>question_type</fieldlabel><fieldentry>multiple_choice_question</fieldentry></qtimetadatafield><qtimetadatafield><fieldlabel>points_possible</fieldlabel><fieldentry>1</fieldentry></qtimetadatafield><qtimetadatafield><fieldlabel>original_answer_ids</fieldlabel><fieldentry>6a6e8231f0b0301884018765ed1186d9ed0d1ee8fa666f5f8e41e11ec9edb124df2209304a69b64b,c20ae489ee9fccb01a601d61c564e4f9cf9d13fffb4b9d330ea848d0f23652b3c4c903b86e021831,8e43bf9ea781fb9370c59f85d132d91ca4d8e7e44d18d7c8502fab61f6c74e95acfb83b6062a4d20,eb3c445a17efec61d32f60d08c6443ca5f69580183214525a11a9011c827f5c5b63f1c87a61c14a7</fieldentry></qtimetadatafield><qtimetadatafield><fieldlabel>assessment_question_identifierref</fieldlabel><fieldentry>1c5bd4a2f9fe98906e20a365a6bd1afebce30b293764ee479538e8094e6bc8612e34ce0025dc7f80</fieldentry></qtimetadatafield></qtimetadata></itemmetadata><presentation><material><mattext texttype="text/html">Which attribute in a form specifies how to send form data?</mattext></material><response_lid ident="response1" rcardinality="Single"><render_choice><response_label ident="6a6e8231f0b0301884018765ed1186d9ed0d1ee8fa666f5f8e41e11ec9edb124df2209304a69b64b"><material><mattext texttype="text/html">type</mattext></material></response_label><response_label ident="c20ae489ee9fccb01a601d61c564e4f9cf9d13fffb4b9d330ea848d0f23652b3c4c903b86e021831"><material><mattext texttype="text/html">link</mattext></material></response_label><response_label ident="8e43bf9ea781fb9370c59f85d132d91ca4d8e7e44d18d7c8502fab61f6c74e95acfb83b6062a4d20"><material><mattext texttype="text/html">href</mattext></material></response_label><response_label ident="eb3c445a17efec61d32f60d08c6443ca5f69580183214525a11a9011c827f5c5b63f1c87a61c14a7"><material><mattext texttype="text/html">method</mattext></material></response_label></render_choice></response_lid></presentation><resprocessing><outcomes><decvar maxvalue="100" minvalue="0" varname="SCORE" vartype="Decimal"/></outcomes><respcondition continue="No"><conditionvar><varequal respident="response1">eb3c445a17efec61d32f60d08c6443ca5f69580183214525a11a9011c827f5c5b63f1c87a61c14a7</varequal></conditionvar><setvar actoin="Set" varname="SCORE">100</setvar></respcondition></resprocessing></item><item ident="5b7a11c221c469d2af3f4b5252b68730807af4676e98e83c33ec81eed3badbbe313744f705490bbc" title="Question"><itemmetadata><qtimetadata><qtimetadatafield><fieldlabel>question_type</fieldlabel><fieldentry>multiple_choice_question</fieldentry></qtimetadatafield><qtimetadatafield><fieldlabel>points_possible</fieldlabel><fieldentry>1</fieldentry></qtimetadatafield><qtimetadatafield><fieldlabel>original_answer_ids</fieldlabel><fieldentry>d288360d77027283fc45d2e4124b71c39d9bb83e3ce14e065d24e34f972dfd2d37d2f6f8cf073e79,8a5e12c18f06fb8a812cabccdb3aeb647cac377b674625c9a6b7ca49c77d77a7666c87f9757e8b28,360a5e159ff9efd2a781eb380489897359c84a1553385026e256c7dc462d099108d65013c5bc9184,4d776658d1cf9d1d31d0f72feb5c4a18b99b0401d2c36f21f76d7c5edbf7f17fa17001fd50502122</fieldentry></qtimetadatafield><qtimetadatafield><fieldlabel>assessment_question_identifierref</fieldlabel><fieldentry>1f509522bd22d1a15a02f67cfda797ae817dcc228db5d80d13c87f6063a9575899d651099c613f81</fieldentry></qtimetadatafield></qtimetadata></itemmetadata><presentation><material><mattext texttype="text/html">How do you add a hint or description inside an input field that disappears when the field is clicked?</mattext></material><response_lid ident="response1" rcardinality="Single"><render_choice><response_label ident="d288360d77027283fc45d2e4124b71c39d9bb83e3ce14e065d24e34f972dfd2d37d2f6f8cf073e79"><material><mattext texttype="text/html">description</mattext></material></response_label><response_label ident="8a5e12c18f06fb8a812cabccdb3aeb647cac377b674625c9a6b7ca49c77d77a7666c87f9757e8b28"><material><mattext texttype="text/html">hint</mattext></material></response_label><response_label ident="360a5e159ff9efd2a781eb380489897359c84a1553385026e256c7dc462d099108d65013c5bc9184"><material><mattext texttype="text/html">placeholder</mattext></material></response_label><response_label ident="4d776658d1cf9d1d31d0f72feb5c4a18b99b0401d2c36f21f76d7c5edbf7f17fa17001fd50502122"><material><mattext texttype="text/html">value</mattext></material></response_label></render_choice></response_lid></presentation><resprocessing><outcomes><decvar maxvalue="100" minvalue="0" varname="SCORE" vartype="Decimal"/></outcomes><respcondition continue="No"><conditionvar><varequal respident="response1">360a5e159ff9efd2a781eb380489897359c84a1553385026e256c7dc462d099108d65013c5bc9184</varequal></conditionvar><setvar actoin="Set" varname="SCORE">100</setvar></respcondition></resprocessing></item></section></assessment></questestinterop>
