<?xml version="1.0" encoding="UTF-8"?>
<questestinterop xmlns="http://www.imsglobal.org/xsd/ims_qtiasiv1p2" xmlns:xsi="http://www.w3.org/2001/XMLSchema-instance" xsi:schemaLocation="http://www.imsglobal.org/xsd/ims_qtiasiv1p2 http://www.imsglobal.org/xsd/ims_qtiasiv1p2p1.xsd"><assessment ident="0238b4011341b1fc7f2d9567d8ac26729a538311897fb3fcfbad3215dfedbf96cfb48750ad96a13b" title="Using Images"><qtimetadata><qtimetadatafield><fieldlabel>cc_maxattempts</fieldlabel><fieldentry>1</fieldentry></qtimetadatafield></qtimetadata><section ident="root_section"><item ident="0543e53eeab00a0178d0563348e84139f1076d6a94122a7b46df3c8ca0ebbfd7083dd199f8cbce17" title="Question"><itemmetadata><qtimetadata><qtimetadatafield><fieldlabel>question_type</fieldlabel><fieldentry>multiple_choice_question</fieldentry></qtimetadatafield><qtimetadatafield><fieldlabel>points_possible</fieldlabel><fieldentry>1</fieldentry></qtimetadatafield><qtimetadatafield><fieldlabel>original_answer_ids</fieldlabel><fieldentry>62b8a2ff96353ea8c2a6f2dd1ea06635fb15727d8d54ad8466cbcbdf38b2fdee13d80c96df56d8eb,5e28272ac3eba6678055bc708370d41134a606e8bd62a144100c609a93a96bb15e4868815e06e63c,0443631491c4e4b916f0c1d0b3b56e00174fa67efbb669fd55d1bc6a43aa0b04a1e0f88719381476,064e06601b3b502fabe29b3ee4f290847044d530d03d5a861cbb4d39b1c87322aa18bd41d8236560</fieldentry></qtimetadatafield><qtimetadatafield><fieldlabel>assessment_question_identifierref</fieldlabel><fieldentry>29a947386d51cf5a6a3d0878bda4899ef197fa41495e254cb08b0ff046ea6a271b16473ead13f077</fieldentry></qtimetadatafield></qtimetadata></itemmetadata><presentation><material><mattext texttype="text/html">Given the code snippet 'background-repeat: no-repeat;', what does this property do?</mattext></material><response_lid ident="response1" rcardinality="Single"><render_choice><response_label ident="62b8a2ff96353ea8c2a6f2dd1ea06635fb15727d8d54ad8466cbcbdf38b2fdee13d80c96df56d8eb"><material><mattext texttype="text/html">It causes the background image to repeat horizontally.</mattext></material></response_label><response_label ident="5e28272ac3eba6678055bc708370d41134a606e8bd62a144100c609a93a96bb15e4868815e06e63c"><material><mattext texttype="text/html">It causes the background image to repeat vertically.</mattext></material></response_label><response_label ident="0443631491c4e4b916f0c1d0b3b56e00174fa67efbb669fd55d1bc6a43aa0b04a1e0f88719381476"><material><mattext texttype="text/html">It prevents the background image from repeating.</mattext></material></response_label><response_label ident="064e06601b3b502fabe29b3ee4f290847044d530d03d5a861cbb4d39b1c87322aa18bd41d8236560"><material><mattext texttype="text/html">It causes the background image to repeat diagonally.</mattext></material></response_label></render_choice></response_lid></presentation><resprocessing><outcomes><decvar maxvalue="100" minvalue="0" varname="SCORE" vartype="Decimal"/></outcomes><respcondition continue="No"><conditionvar><varequal respident="response1">0443631491c4e4b916f0c1d0b3b56e00174fa67efbb669fd55d1bc6a43aa0b04a1e0f88719381476</varequal></conditionvar><setvar actoin="Set" varname="SCORE">100</setvar></respcondition></resprocessing></item><item ident="93718e3935f0987e5afe3589df1aee5970da1400659961dea1439a4382efc272e85588c9145d6451" title="Question"><itemmetadata><qtimetadata><qtimetadatafield><fieldlabel>question_type</fieldlabel><fieldentry>multiple_choice_question</fieldentry></qtimetadatafield><qtimetadatafield><fieldlabel>points_possible</fieldlabel><fieldentry>1</fieldentry></qtimetadatafield><qtimetadatafield><fieldlabel>original_answer_ids</fieldlabel><fieldentry>813e82c128fe3a6a80608bd5a177d500e5676168efcb4aa96b997e65a6aba1de91f35a36001c6fbe,b5a98b1dad965a872d45718a554062d52b98420c21119480ccbe6e6c5a0732afddf14fbe00ff6f3a,8341ed6f413980be6480652418471ceff5a9a1937ef15a1aa3b9171d7f8b50bdb2efa9ba9176624e,42646b6d0ef6724c3647122070b9924362b0f49dc425952db7f9ef3e9e171d0f8402172db48b91c9</fieldentry></qtimetadatafield><qtimetadatafield><fieldlabel>assessment_question_identifierref</fieldlabel><fieldentry>543c3e5744c8f7a8d553bd2cfb26756d3f6f244da076cbade39ac315231d8cb194b2b0f0e532be43</fieldentry></qtimetadatafield></qtimetadata></itemmetadata><presentation><material><mattext texttype="text/html">In the code 'div, header{ width: 80%; margin: 20px auto; ...}', how is the width of the div and header elements defined?</mattext></material><response_lid ident="response1" rcardinality="Single"><render_choice><response_label ident="813e82c128fe3a6a80608bd5a177d500e5676168efcb4aa96b997e65a6aba1de91f35a36001c6fbe"><material><mattext texttype="text/html">100%</mattext></material></response_label><response_label ident="b5a98b1dad965a872d45718a554062d52b98420c21119480ccbe6e6c5a0732afddf14fbe00ff6f3a"><material><mattext texttype="text/html">60%</mattext></material></response_label><response_label ident="8341ed6f413980be6480652418471ceff5a9a1937ef15a1aa3b9171d7f8b50bdb2efa9ba9176624e"><material><mattext texttype="text/html">80%</mattext></material></response_label><response_label ident="42646b6d0ef6724c3647122070b9924362b0f49dc425952db7f9ef3e9e171d0f8402172db48b91c9"><material><mattext texttype="text/html">50%</mattext></material></response_label></render_choice></response_lid></presentation><resprocessing><outcomes><decvar maxvalue="100" minvalue="0" varname="SCORE" vartype="Decimal"/></outcomes><respcondition continue="No"><conditionvar><varequal respident="response1">8341ed6f413980be6480652418471ceff5a9a1937ef15a1aa3b9171d7f8b50bdb2efa9ba9176624e</varequal></conditionvar><setvar actoin="Set" varname="SCORE">100</setvar></respcondition></resprocessing></item><item ident="cba182fb3e485020b4f5f0f47787efc1343e21a07f2fd8eae07496ecce85c373bae6b6e1a0420413" title="Question"><itemmetadata><qtimetadata><qtimetadatafield><fieldlabel>question_type</fieldlabel><fieldentry>multiple_choice_question</fieldentry></qtimetadatafield><qtimetadatafield><fieldlabel>points_possible</fieldlabel><fieldentry>1</fieldentry></qtimetadatafield><qtimetadatafield><fieldlabel>original_answer_ids</fieldlabel><fieldentry>27f20299a3732b37ae412a8dafa791765a6ae13e2e5075a9fc91055144ca692cc00f7e77f339c2fb,b793dfe36bd20720d341da54bf6ab4ab1399b3cb505d75a1ff7d2c9ee919738dc71b84e8a8434758,6e065ad2045b5ae9756e4ac52d2f96d6fb1e2c0d7811c855420ec545618b1e2466b7e6bcd09de4f0,c75d930261485ecfeeb337e3e8b1f1871ef1cbe3c43059abaaf2273fba36df77c7e9c65a91281823</fieldentry></qtimetadatafield><qtimetadatafield><fieldlabel>assessment_question_identifierref</fieldlabel><fieldentry>cb7b260821af6103afe5fd36d9428f4df1774d07a475ff857bc459c07c7c47f14770bd737479f53d</fieldentry></qtimetadatafield></qtimetadata></itemmetadata><presentation><material><mattext texttype="text/html">In the code snippet 'coords="103,312,99" shape="rect"', what is the shape of the area defined by these coordinates?</mattext></material><response_lid ident="response1" rcardinality="Single"><render_choice><response_label ident="27f20299a3732b37ae412a8dafa791765a6ae13e2e5075a9fc91055144ca692cc00f7e77f339c2fb"><material><mattext texttype="text/html">square</mattext></material></response_label><response_label ident="b793dfe36bd20720d341da54bf6ab4ab1399b3cb505d75a1ff7d2c9ee919738dc71b84e8a8434758"><material><mattext texttype="text/html">rectangle</mattext></material></response_label><response_label ident="6e065ad2045b5ae9756e4ac52d2f96d6fb1e2c0d7811c855420ec545618b1e2466b7e6bcd09de4f0"><material><mattext texttype="text/html">circle</mattext></material></response_label><response_label ident="c75d930261485ecfeeb337e3e8b1f1871ef1cbe3c43059abaaf2273fba36df77c7e9c65a91281823"><material><mattext texttype="text/html">triangle</mattext></material></response_label></render_choice></response_lid></presentation><resprocessing><outcomes><decvar maxvalue="100" minvalue="0" varname="SCORE" vartype="Decimal"/></outcomes><respcondition continue="No"><conditionvar><varequal respident="response1">6e065ad2045b5ae9756e4ac52d2f96d6fb1e2c0d7811c855420ec545618b1e2466b7e6bcd09de4f0</varequal></conditionvar><setvar actoin="Set" varname="SCORE">100</setvar></respcondition></resprocessing></item><item ident="2da66e184f6a09e2c98a36939bfa6b850eeecff539980ffd8b899575bbde0c58296a1231881a9e53" title="Question"><itemmetadata><qtimetadata><qtimetadatafield><fieldlabel>question_type</fieldlabel><fieldentry>multiple_choice_question</fieldentry></qtimetadatafield><qtimetadatafield><fieldlabel>points_possible</fieldlabel><fieldentry>1</fieldentry></qtimetadatafield><qtimetadatafield><fieldlabel>original_answer_ids</fieldlabel><fieldentry>d973f3949951581bdbeeabc9fbeac6a37a2d6246635df9d9160de806173fe70068100bcd9d5f709d,c004281ee2aa2b35595e12864dae1e8c68d3f700ebb056e03d18cac771f6c316a75b75b399b150db,0f3989f0853a0c3d47258483456b1d078fbfa8524b2e03d4ccd1fd33b005785d4f0f6aa6fc00e18c,67afbabc6a533e111d13c55cbe79c70de491c056aa2bad3c462f5c632141487ede5817801f8b8274</fieldentry></qtimetadatafield><qtimetadatafield><fieldlabel>assessment_question_identifierref</fieldlabel><fieldentry>a2f5d391c7a75b97659957d3b3aea31c3b6008a54fa75f556149d8318ee53562057e8274e4bfe58f</fieldentry></qtimetadatafield></qtimetadata></itemmetadata><presentation><material><mattext texttype="text/html">In the code 'usemap="#image-map"', which HTML element is used to create an image map?</mattext></material><response_lid ident="response1" rcardinality="Single"><render_choice><response_label ident="d973f3949951581bdbeeabc9fbeac6a37a2d6246635df9d9160de806173fe70068100bcd9d5f709d"><material><mattext texttype="text/html">img</mattext></material></response_label><response_label ident="c004281ee2aa2b35595e12864dae1e8c68d3f700ebb056e03d18cac771f6c316a75b75b399b150db"><material><mattext texttype="text/html">map</mattext></material></response_label><response_label ident="0f3989f0853a0c3d47258483456b1d078fbfa8524b2e03d4ccd1fd33b005785d4f0f6aa6fc00e18c"><material><mattext texttype="text/html">area</mattext></material></response_label><response_label ident="67afbabc6a533e111d13c55cbe79c70de491c056aa2bad3c462f5c632141487ede5817801f8b8274"><material><mattext texttype="text/html">div</mattext></material></response_label></render_choice></response_lid></presentation><resprocessing><outcomes><decvar maxvalue="100" minvalue="0" varname="SCORE" vartype="Decimal"/></outcomes><respcondition continue="No"><conditionvar><varequal respident="response1">c004281ee2aa2b35595e12864dae1e8c68d3f700ebb056e03d18cac771f6c316a75b75b399b150db</varequal></conditionvar><setvar actoin="Set" varname="SCORE">100</setvar></respcondition></resprocessing></item><item ident="cf901f00e452081a0a5cf46f1c7fd19d54b1bdd2a4cbc25140f4edf001af5d439f7220a6af1cd5df" title="Question"><itemmetadata><qtimetadata><qtimetadatafield><fieldlabel>question_type</fieldlabel><fieldentry>multiple_choice_question</fieldentry></qtimetadatafield><qtimetadatafield><fieldlabel>points_possible</fieldlabel><fieldentry>1</fieldentry></qtimetadatafield><qtimetadatafield><fieldlabel>original_answer_ids</fieldlabel><fieldentry>b291f37b3d36349c519fd18d15aa6091598137a522c011b7517269a9eca51a9278dd14e64a06fce3,07a933c61efffbe34cf277107bcb0f9a5c49645bf91865ef949597706e6fb03a1eededfb38f977f5,e13367dbcc8bd9e02a415ad4591f488ab4f4787c0fc516ac09a15ca312bfba3ccbe7ab6353ab5d96,74fbe41b262bfea2c022009b071731644b7a88c5d3d026913625037a2a3fb4d468faadc64ef5d489</fieldentry></qtimetadatafield><qtimetadatafield><fieldlabel>assessment_question_identifierref</fieldlabel><fieldentry>7d98403232e11089da0e2893c50d439c278cada5ca11733d76214fa3cadce24425ac0007e7212b95</fieldentry></qtimetadatafield></qtimetadata></itemmetadata><presentation><material><mattext texttype="text/html">How are the images displayed within '#linked-image img{ width: 50%; display: block; margin: 10px auto; }'?</mattext></material><response_lid ident="response1" rcardinality="Single"><render_choice><response_label ident="b291f37b3d36349c519fd18d15aa6091598137a522c011b7517269a9eca51a9278dd14e64a06fce3"><material><mattext texttype="text/html">left-aligned</mattext></material></response_label><response_label ident="07a933c61efffbe34cf277107bcb0f9a5c49645bf91865ef949597706e6fb03a1eededfb38f977f5"><material><mattext texttype="text/html">right-aligned</mattext></material></response_label><response_label ident="e13367dbcc8bd9e02a415ad4591f488ab4f4787c0fc516ac09a15ca312bfba3ccbe7ab6353ab5d96"><material><mattext texttype="text/html">centered</mattext></material></response_label><response_label ident="74fbe41b262bfea2c022009b071731644b7a88c5d3d026913625037a2a3fb4d468faadc64ef5d489"><material><mattext texttype="text/html">justified</mattext></material></response_label></render_choice></response_lid></presentation><resprocessing><outcomes><decvar maxvalue="100" minvalue="0" varname="SCORE" vartype="Decimal"/></outcomes><respcondition continue="No"><conditionvar><varequal respident="response1">e13367dbcc8bd9e02a415ad4591f488ab4f4787c0fc516ac09a15ca312bfba3ccbe7ab6353ab5d96</varequal></conditionvar><setvar actoin="Set" varname="SCORE">100</setvar></respcondition></resprocessing></item><item ident="e91f37a2e9a18210184e9db9be4e52f57b0a7cefa8750ea965439014135ba481b2c9a643cf9fbe33" title="Question"><itemmetadata><qtimetadata><qtimetadatafield><fieldlabel>question_type</fieldlabel><fieldentry>multiple_choice_question</fieldentry></qtimetadatafield><qtimetadatafield><fieldlabel>points_possible</fieldlabel><fieldentry>1</fieldentry></qtimetadatafield><qtimetadatafield><fieldlabel>original_answer_ids</fieldlabel><fieldentry>fd2bdd63315028f826d9a16c71a688d3ceab6421511ac6be9153acc08ccb5a7fc97180ab4bce0701,c0ea512616853cba6617581cde109ae61f38fb9e074a9aeeb88560f2300b9c860bc169dff097f6fa,ef3778f4632a80659d2e40e72799e46b0634594603f0e2d900cef9b78a358d92349e0c6ff4aca578,d847716f0537cfa5a939a74bcd0aa9befe800883a510b98db5a83069dcd79b2a8de682f3257b33ba</fieldentry></qtimetadatafield><qtimetadatafield><fieldlabel>assessment_question_identifierref</fieldlabel><fieldentry>0f0a8bcc2d4abc92e6d2758e3534a4b02f797a93ecf9e3418a37d28a4857b26802e0eb5b672cab03</fieldentry></qtimetadatafield></qtimetadata></itemmetadata><presentation><material><mattext texttype="text/html">In the code snippet 'area target="" alt="Head Phones" title="Head Phones" href="#headphones" ...', what href attribute is used for the 'area' element with the title "Head Phones"?</mattext></material><response_lid ident="response1" rcardinality="Single"><render_choice><response_label ident="fd2bdd63315028f826d9a16c71a688d3ceab6421511ac6be9153acc08ccb5a7fc97180ab4bce0701"><material><mattext texttype="text/html">#keyboard</mattext></material></response_label><response_label ident="c0ea512616853cba6617581cde109ae61f38fb9e074a9aeeb88560f2300b9c860bc169dff097f6fa"><material><mattext texttype="text/html">#headphones</mattext></material></response_label><response_label ident="ef3778f4632a80659d2e40e72799e46b0634594603f0e2d900cef9b78a358d92349e0c6ff4aca578"><material><mattext texttype="text/html">#mouse</mattext></material></response_label><response_label ident="d847716f0537cfa5a939a74bcd0aa9befe800883a510b98db5a83069dcd79b2a8de682f3257b33ba"><material><mattext texttype="text/html">#harddrive</mattext></material></response_label></render_choice></response_lid></presentation><resprocessing><outcomes><decvar maxvalue="100" minvalue="0" varname="SCORE" vartype="Decimal"/></outcomes><respcondition continue="No"><conditionvar><varequal respident="response1">c0ea512616853cba6617581cde109ae61f38fb9e074a9aeeb88560f2300b9c860bc169dff097f6fa</varequal></conditionvar><setvar actoin="Set" varname="SCORE">100</setvar></respcondition></resprocessing></item></section></assessment></questestinterop>
