<?xml version="1.0" encoding="UTF-8"?>
<questestinterop xmlns="http://www.imsglobal.org/xsd/ims_qtiasiv1p2" xmlns:xsi="http://www.w3.org/2001/XMLSchema-instance" xsi:schemaLocation="http://www.imsglobal.org/xsd/ims_qtiasiv1p2 http://www.imsglobal.org/xsd/ims_qtiasiv1p2p1.xsd"><assessment ident="045b1f1723ce7336c427c12911a74e1c46061c2c7e33c4937d9e8947849ee27068c6c6981f5cee5a" title="Wordpress"><qtimetadata><qtimetadatafield><fieldlabel>cc_maxattempts</fieldlabel><fieldentry>1</fieldentry></qtimetadatafield></qtimetadata><section ident="root_section"><item ident="14f1b963e8b69d21dd6d4ef5f8c448019d14bc67516416876619f281eeb157a594efdd03d46b0cae" title="Question"><itemmetadata><qtimetadata><qtimetadatafield><fieldlabel>question_type</fieldlabel><fieldentry>multiple_choice_question</fieldentry></qtimetadatafield><qtimetadatafield><fieldlabel>points_possible</fieldlabel><fieldentry>1</fieldentry></qtimetadatafield><qtimetadatafield><fieldlabel>original_answer_ids</fieldlabel><fieldentry>695704090f8b768dceab7c10c404eb5a122c335694aba66f6ae76b2ca5d1a7c3e4116c4cc11271b1,4defc8ea2ffcb879589967d58b6188403a8eb40605c0fa44e08565714be7af4fda788abb8cefd8ed,1c770ffba8eb8a9c4fc86da64671b5e65d54ba8197dbbfc7d2a384fdcb46eb3a7ce7e8dd480c8fa0,8bb1e31c576ec26b7d9f094c83edff733358692359ef02bda1600e25705401d5391344ca53aa51db</fieldentry></qtimetadatafield><qtimetadatafield><fieldlabel>assessment_question_identifierref</fieldlabel><fieldentry>ae308b9c56ba5adb7f34b57dd7312221f557398e6000eab3267b225ce2e0901c044ee08e40c113bc</fieldentry></qtimetadatafield></qtimetadata></itemmetadata><presentation><material><mattext texttype="text/html">What is WordPress?</mattext></material><response_lid ident="response1" rcardinality="Single"><render_choice><response_label ident="695704090f8b768dceab7c10c404eb5a122c335694aba66f6ae76b2ca5d1a7c3e4116c4cc11271b1"><material><mattext texttype="text/html">A programming language</mattext></material></response_label><response_label ident="4defc8ea2ffcb879589967d58b6188403a8eb40605c0fa44e08565714be7af4fda788abb8cefd8ed"><material><mattext texttype="text/html">A computer operating system</mattext></material></response_label><response_label ident="1c770ffba8eb8a9c4fc86da64671b5e65d54ba8197dbbfc7d2a384fdcb46eb3a7ce7e8dd480c8fa0"><material><mattext texttype="text/html">A content management system (CMS)</mattext></material></response_label><response_label ident="8bb1e31c576ec26b7d9f094c83edff733358692359ef02bda1600e25705401d5391344ca53aa51db"><material><mattext texttype="text/html">A web browser</mattext></material></response_label></render_choice></response_lid></presentation><resprocessing><outcomes><decvar maxvalue="100" minvalue="0" varname="SCORE" vartype="Decimal"/></outcomes><respcondition continue="No"><conditionvar><varequal respident="response1">1c770ffba8eb8a9c4fc86da64671b5e65d54ba8197dbbfc7d2a384fdcb46eb3a7ce7e8dd480c8fa0</varequal></conditionvar><setvar actoin="Set" varname="SCORE">100</setvar></respcondition></resprocessing></item><item ident="af913d488f2bcd53c8b8704ec3f2c2d2155c04ec9f86221f0122d92be445a7f28f4a9a3d91bfefa9" title="Question"><itemmetadata><qtimetadata><qtimetadatafield><fieldlabel>question_type</fieldlabel><fieldentry>multiple_choice_question</fieldentry></qtimetadatafield><qtimetadatafield><fieldlabel>points_possible</fieldlabel><fieldentry>1</fieldentry></qtimetadatafield><qtimetadatafield><fieldlabel>original_answer_ids</fieldlabel><fieldentry>a06dc13127db7b856b7b2153aa0c862dae321ea66b6e7547b728cab41a4b46f0b0771f919259dfaf,9789d62fd19f3639653c68e352f937ece91f2fcfc84e8ee111c43d79d5d579ea1ca8e0aee36a5da1,f4de2e1617f1a2e2d1b8b27854ad4cfcee7a2511ae6415707cfd06b3220ed8a3c0098f7dd2d7353c,73260f2c86f205e42be9d71b05d0fa86f1ad628ca13ab7b3e511da489ee5828e6fc473ddf1e8c7f1</fieldentry></qtimetadatafield><qtimetadatafield><fieldlabel>assessment_question_identifierref</fieldlabel><fieldentry>0c44415a77f74bf5f32ac1b552132784cf133ecaf51c2489bd6227e9af4c23112f47e3efc82137f5</fieldentry></qtimetadatafield></qtimetadata></itemmetadata><presentation><material><mattext texttype="text/html">WordPress is primarily used to create which of the following?</mattext></material><response_lid ident="response1" rcardinality="Single"><render_choice><response_label ident="a06dc13127db7b856b7b2153aa0c862dae321ea66b6e7547b728cab41a4b46f0b0771f919259dfaf"><material><mattext texttype="text/html">Mobile apps</mattext></material></response_label><response_label ident="9789d62fd19f3639653c68e352f937ece91f2fcfc84e8ee111c43d79d5d579ea1ca8e0aee36a5da1"><material><mattext texttype="text/html">3D games</mattext></material></response_label><response_label ident="f4de2e1617f1a2e2d1b8b27854ad4cfcee7a2511ae6415707cfd06b3220ed8a3c0098f7dd2d7353c"><material><mattext texttype="text/html">Websites and blogs</mattext></material></response_label><response_label ident="73260f2c86f205e42be9d71b05d0fa86f1ad628ca13ab7b3e511da489ee5828e6fc473ddf1e8c7f1"><material><mattext texttype="text/html">Desktop software</mattext></material></response_label></render_choice></response_lid></presentation><resprocessing><outcomes><decvar maxvalue="100" minvalue="0" varname="SCORE" vartype="Decimal"/></outcomes><respcondition continue="No"><conditionvar><varequal respident="response1">f4de2e1617f1a2e2d1b8b27854ad4cfcee7a2511ae6415707cfd06b3220ed8a3c0098f7dd2d7353c</varequal></conditionvar><setvar actoin="Set" varname="SCORE">100</setvar></respcondition></resprocessing></item><item ident="bbdf234a6726a950515bbddf228f52a7957e042ec6ee24499a2197d4bc1815d92e4096553c4160cf" title="Question"><itemmetadata><qtimetadata><qtimetadatafield><fieldlabel>question_type</fieldlabel><fieldentry>multiple_choice_question</fieldentry></qtimetadatafield><qtimetadatafield><fieldlabel>points_possible</fieldlabel><fieldentry>1</fieldentry></qtimetadatafield><qtimetadatafield><fieldlabel>original_answer_ids</fieldlabel><fieldentry>4bef1cc295d1ad9154c74bc5f0e5144b47aa255a18adc9ccea9fc64e3a37661edbca909d28767809,dd84b535d452e5bd6d6b15a7c914dc92b1b7519e9ba242f5af0cc59c7fe8554d971526dad2f7be7f,c3c80c414b81dc46ec9fcc9f8c4f67ba096fd0f495306c44e6c5529f670678d586d7193a08f3eea8,d07ba4feb3bfb1ae110e384a98f8a817501278977be61012521621ebf04b34224d62f81c7edc7aaa</fieldentry></qtimetadatafield><qtimetadatafield><fieldlabel>assessment_question_identifierref</fieldlabel><fieldentry>71f3664bc45e34f3a3f97150394be154d16b8bd3b6820fd8a17b897102d45fac5bedee207c63541f</fieldentry></qtimetadatafield></qtimetadata></itemmetadata><presentation><material><mattext texttype="text/html">What language is WordPress mainly written in?</mattext></material><response_lid ident="response1" rcardinality="Single"><render_choice><response_label ident="4bef1cc295d1ad9154c74bc5f0e5144b47aa255a18adc9ccea9fc64e3a37661edbca909d28767809"><material><mattext texttype="text/html">Python</mattext></material></response_label><response_label ident="dd84b535d452e5bd6d6b15a7c914dc92b1b7519e9ba242f5af0cc59c7fe8554d971526dad2f7be7f"><material><mattext texttype="text/html">PHP</mattext></material></response_label><response_label ident="c3c80c414b81dc46ec9fcc9f8c4f67ba096fd0f495306c44e6c5529f670678d586d7193a08f3eea8"><material><mattext texttype="text/html">Java</mattext></material></response_label><response_label ident="d07ba4feb3bfb1ae110e384a98f8a817501278977be61012521621ebf04b34224d62f81c7edc7aaa"><material><mattext texttype="text/html">C++</mattext></material></response_label></render_choice></response_lid></presentation><resprocessing><outcomes><decvar maxvalue="100" minvalue="0" varname="SCORE" vartype="Decimal"/></outcomes><respcondition continue="No"><conditionvar><varequal respident="response1">dd84b535d452e5bd6d6b15a7c914dc92b1b7519e9ba242f5af0cc59c7fe8554d971526dad2f7be7f</varequal></conditionvar><setvar actoin="Set" varname="SCORE">100</setvar></respcondition></resprocessing></item><item ident="2a044e69c73a18931e80b99140658d339bfe1472da0df2fc9f7e48c838e799c6d95624da03d7278a" title="Question"><itemmetadata><qtimetadata><qtimetadatafield><fieldlabel>question_type</fieldlabel><fieldentry>multiple_choice_question</fieldentry></qtimetadatafield><qtimetadatafield><fieldlabel>points_possible</fieldlabel><fieldentry>1</fieldentry></qtimetadatafield><qtimetadatafield><fieldlabel>original_answer_ids</fieldlabel><fieldentry>7ba1b288cf3379c9443fa6dc2b31b39a3e9f260a4aad040ce647edd76bb81c635f2e70b09d85d4e1,ae99227b00d0f0bc72267239ed1e2bddce67c7dff28d1c3f4e703cc922f40168829a73d0c329735e,ee280a1b7bdb20087f174227688f141e43937da62bae03c2aca8c49417079e23eae945d799384eba,cc356fddb0314a1d4b8187b0857039d9fb971cd014f5cef25ae3d2ddae6d7a6f6dde658efcea3e87</fieldentry></qtimetadatafield><qtimetadatafield><fieldlabel>assessment_question_identifierref</fieldlabel><fieldentry>e1305870d0d47cae91af8ce3c8696868b11864c911323007f187e776f034f88452b13decceca7606</fieldentry></qtimetadatafield></qtimetadata></itemmetadata><presentation><material><mattext texttype="text/html">Which of the following is a popular page builder for WordPress?</mattext></material><response_lid ident="response1" rcardinality="Single"><render_choice><response_label ident="7ba1b288cf3379c9443fa6dc2b31b39a3e9f260a4aad040ce647edd76bb81c635f2e70b09d85d4e1"><material><mattext texttype="text/html">Bootstrap</mattext></material></response_label><response_label ident="ae99227b00d0f0bc72267239ed1e2bddce67c7dff28d1c3f4e703cc922f40168829a73d0c329735e"><material><mattext texttype="text/html">Elementor</mattext></material></response_label><response_label ident="ee280a1b7bdb20087f174227688f141e43937da62bae03c2aca8c49417079e23eae945d799384eba"><material><mattext texttype="text/html">Angular</mattext></material></response_label><response_label ident="cc356fddb0314a1d4b8187b0857039d9fb971cd014f5cef25ae3d2ddae6d7a6f6dde658efcea3e87"><material><mattext texttype="text/html">React</mattext></material></response_label></render_choice></response_lid></presentation><resprocessing><outcomes><decvar maxvalue="100" minvalue="0" varname="SCORE" vartype="Decimal"/></outcomes><respcondition continue="No"><conditionvar><varequal respident="response1">ae99227b00d0f0bc72267239ed1e2bddce67c7dff28d1c3f4e703cc922f40168829a73d0c329735e</varequal></conditionvar><setvar actoin="Set" varname="SCORE">100</setvar></respcondition></resprocessing></item><item ident="b120a1d08220617f5777649db89c26884abde313d4ffa4b8f199a3fe7786aeb404096c959b239232" title="Question"><itemmetadata><qtimetadata><qtimetadatafield><fieldlabel>question_type</fieldlabel><fieldentry>multiple_choice_question</fieldentry></qtimetadatafield><qtimetadatafield><fieldlabel>points_possible</fieldlabel><fieldentry>1</fieldentry></qtimetadatafield><qtimetadatafield><fieldlabel>original_answer_ids</fieldlabel><fieldentry>c147a2804a39967c8dd27423dd4eb65d5f9f6617472af9574e25412e65c3eb9e06317e242bdea3eb,e7c3e02b8b2b5d30a7563aea271f92e574a74c7801a263b94b6c981696c2a7f743a5c134bef97ef7,f0f6cd512faf567cdedc464cf659daea75c3b030cf03d88da6c0a10b17776f5c325d2908351f7ee4,deadd19509486d6b69764fa2a1153d8da8406be5fb9599ab3a057f4135084131a73f60d36b827963</fieldentry></qtimetadatafield><qtimetadatafield><fieldlabel>assessment_question_identifierref</fieldlabel><fieldentry>3c9e5e0fdf2628123d040f4571c6afe55e7785358d728babb4db6691b08772dbf09edb13a1c87b42</fieldentry></qtimetadatafield></qtimetadata></itemmetadata><presentation><material><mattext texttype="text/html">How can you add functionality to your WordPress site?</mattext></material><response_lid ident="response1" rcardinality="Single"><render_choice><response_label ident="c147a2804a39967c8dd27423dd4eb65d5f9f6617472af9574e25412e65c3eb9e06317e242bdea3eb"><material><mattext texttype="text/html">Writing code from scratch</mattext></material></response_label><response_label ident="e7c3e02b8b2b5d30a7563aea271f92e574a74c7801a263b94b6c981696c2a7f743a5c134bef97ef7"><material><mattext texttype="text/html">Uploading files to the server</mattext></material></response_label><response_label ident="f0f6cd512faf567cdedc464cf659daea75c3b030cf03d88da6c0a10b17776f5c325d2908351f7ee4"><material><mattext texttype="text/html">Installing plugins</mattext></material></response_label><response_label ident="deadd19509486d6b69764fa2a1153d8da8406be5fb9599ab3a057f4135084131a73f60d36b827963"><material><mattext texttype="text/html">Contacting WordPress support</mattext></material></response_label></render_choice></response_lid></presentation><resprocessing><outcomes><decvar maxvalue="100" minvalue="0" varname="SCORE" vartype="Decimal"/></outcomes><respcondition continue="No"><conditionvar><varequal respident="response1">f0f6cd512faf567cdedc464cf659daea75c3b030cf03d88da6c0a10b17776f5c325d2908351f7ee4</varequal></conditionvar><setvar actoin="Set" varname="SCORE">100</setvar></respcondition></resprocessing></item><item ident="7e47430c18da8436830d641044b9eb476590c4abf5c1fedb0b438d1eae65f3a22607d28542d67341" title="Question"><itemmetadata><qtimetadata><qtimetadatafield><fieldlabel>question_type</fieldlabel><fieldentry>multiple_choice_question</fieldentry></qtimetadatafield><qtimetadatafield><fieldlabel>points_possible</fieldlabel><fieldentry>1</fieldentry></qtimetadatafield><qtimetadatafield><fieldlabel>original_answer_ids</fieldlabel><fieldentry>829d46081a9432a47e0d5df9f855e860038646eed0dd8736e4c2fb2c11d82ee34b28d63b087c62ae,e5fda447eb7b64ca061fb3ca5e86679273e27a785762dfef9c4fefc4bf88ec5be3bb302d5506702c,b5df898092a572f3284f95b7a71122c8c682b43db818b8e14a012f4737e54b257d21db1a721f861e,4aedab2a21ef77c702a68f7ca13d21e8b0b5437df7e09af2c064fe7cfc785f156cc2d49f67a8a76e</fieldentry></qtimetadatafield><qtimetadatafield><fieldlabel>assessment_question_identifierref</fieldlabel><fieldentry>1fb4307a0d39f775952583844387529b0d809c9dc2736ad38d69d68022ce271067a3a974a2720bb5</fieldentry></qtimetadatafield></qtimetadata></itemmetadata><presentation><material><mattext texttype="text/html">What does the term 'theme' refer to in WordPress?</mattext></material><response_lid ident="response1" rcardinality="Single"><render_choice><response_label ident="829d46081a9432a47e0d5df9f855e860038646eed0dd8736e4c2fb2c11d82ee34b28d63b087c62ae"><material><mattext texttype="text/html">A literary concept</mattext></material></response_label><response_label ident="e5fda447eb7b64ca061fb3ca5e86679273e27a785762dfef9c4fefc4bf88ec5be3bb302d5506702c"><material><mattext texttype="text/html">A set of design elements to define the look of a website</mattext></material></response_label><response_label ident="b5df898092a572f3284f95b7a71122c8c682b43db818b8e14a012f4737e54b257d21db1a721f861e"><material><mattext texttype="text/html">A type of plugin</mattext></material></response_label><response_label ident="4aedab2a21ef77c702a68f7ca13d21e8b0b5437df7e09af2c064fe7cfc785f156cc2d49f67a8a76e"><material><mattext texttype="text/html">A WordPress update</mattext></material></response_label></render_choice></response_lid></presentation><resprocessing><outcomes><decvar maxvalue="100" minvalue="0" varname="SCORE" vartype="Decimal"/></outcomes><respcondition continue="No"><conditionvar><varequal respident="response1">e5fda447eb7b64ca061fb3ca5e86679273e27a785762dfef9c4fefc4bf88ec5be3bb302d5506702c</varequal></conditionvar><setvar actoin="Set" varname="SCORE">100</setvar></respcondition></resprocessing></item><item ident="fca3ef142efb4f1e88ae68343863ac7313e5bc9a581d2debe728828da79ba641c9e4677d8017b9fe" title="Question"><itemmetadata><qtimetadata><qtimetadatafield><fieldlabel>question_type</fieldlabel><fieldentry>multiple_choice_question</fieldentry></qtimetadatafield><qtimetadatafield><fieldlabel>points_possible</fieldlabel><fieldentry>1</fieldentry></qtimetadatafield><qtimetadatafield><fieldlabel>original_answer_ids</fieldlabel><fieldentry>ebab74378ddb0628bb83d84fd02920c3d160e67774220abcb586349c546b8de7268d21690332433e,3e4ed6cf1c2bc9dbaeb5dfcd544271a7937b34dabfca286c5a15e20d24ca6aaed4a44d7d52a8ba5d,c0da946f4aebe8216ccc87c4677c44a6f2631a01f00809b1007d8f704b5729c0a7a7caa5158b647b,a4684fb41c78ba49078c7124a61e1fd3ac29a37ce5137bd90d32fb2196a074fe14fbb4ea88f2f858</fieldentry></qtimetadatafield><qtimetadatafield><fieldlabel>assessment_question_identifierref</fieldlabel><fieldentry>8321b223eae336003a2ac0b583eb376892d188b36052e7101dfbea9834ab8317e3189379b8acea60</fieldentry></qtimetadatafield></qtimetadata></itemmetadata><presentation><material><mattext texttype="text/html">What are WordPress widgets used for?</mattext></material><response_lid ident="response1" rcardinality="Single"><render_choice><response_label ident="ebab74378ddb0628bb83d84fd02920c3d160e67774220abcb586349c546b8de7268d21690332433e"><material><mattext texttype="text/html">Creating 3D animations</mattext></material></response_label><response_label ident="3e4ed6cf1c2bc9dbaeb5dfcd544271a7937b34dabfca286c5a15e20d24ca6aaed4a44d7d52a8ba5d"><material><mattext texttype="text/html">Building mobile apps</mattext></material></response_label><response_label ident="c0da946f4aebe8216ccc87c4677c44a6f2631a01f00809b1007d8f704b5729c0a7a7caa5158b647b"><material><mattext texttype="text/html">Adding content to the site's sidebars or other widget-ready areas</mattext></material></response_label><response_label ident="a4684fb41c78ba49078c7124a61e1fd3ac29a37ce5137bd90d32fb2196a074fe14fbb4ea88f2f858"><material><mattext texttype="text/html">Encrypting the site's data</mattext></material></response_label></render_choice></response_lid></presentation><resprocessing><outcomes><decvar maxvalue="100" minvalue="0" varname="SCORE" vartype="Decimal"/></outcomes><respcondition continue="No"><conditionvar><varequal respident="response1">c0da946f4aebe8216ccc87c4677c44a6f2631a01f00809b1007d8f704b5729c0a7a7caa5158b647b</varequal></conditionvar><setvar actoin="Set" varname="SCORE">100</setvar></respcondition></resprocessing></item><item ident="cf9c4a728e018a8aa26dccfe606551432d2a2a0da1af79856b13d3e8b6d5e951f9fde0205e6c2720" title="Question"><itemmetadata><qtimetadata><qtimetadatafield><fieldlabel>question_type</fieldlabel><fieldentry>multiple_choice_question</fieldentry></qtimetadatafield><qtimetadatafield><fieldlabel>points_possible</fieldlabel><fieldentry>1</fieldentry></qtimetadatafield><qtimetadatafield><fieldlabel>original_answer_ids</fieldlabel><fieldentry>3d6635be0edf069a63d22ad0a027d99700ee6e5a720da484cd19e49a5e079b0f4f6665051997db80,0a8358ea5226ae2e8d1f6cfc12333615909b66f396480fe99aca0a33d9f2083a3eb75c8153522927,d1e69f5aa1f759c420809ec9cc47ff4dc2c178ee92327424a508b1de91d07b32392a76c3bb2ab894,8157401b112a397bc46d45b405402c62995bc19db0ee4fe334a19d6d5dc2969f1228b82375e8334a</fieldentry></qtimetadatafield><qtimetadatafield><fieldlabel>assessment_question_identifierref</fieldlabel><fieldentry>d180696b691e60e3069154e1c15cda521632b6011250fce67822c7a499a87d57486338440a9343d0</fieldentry></qtimetadatafield></qtimetadata></itemmetadata><presentation><material><mattext texttype="text/html">How can you make a WordPress website multilingual?</mattext></material><response_lid ident="response1" rcardinality="Single"><render_choice><response_label ident="3d6635be0edf069a63d22ad0a027d99700ee6e5a720da484cd19e49a5e079b0f4f6665051997db80"><material><mattext texttype="text/html">Translate manually</mattext></material></response_label><response_label ident="0a8358ea5226ae2e8d1f6cfc12333615909b66f396480fe99aca0a33d9f2083a3eb75c8153522927"><material><mattext texttype="text/html">Hire a translator</mattext></material></response_label><response_label ident="d1e69f5aa1f759c420809ec9cc47ff4dc2c178ee92327424a508b1de91d07b32392a76c3bb2ab894"><material><mattext texttype="text/html">Use a multilingual plugin</mattext></material></response_label><response_label ident="8157401b112a397bc46d45b405402c62995bc19db0ee4fe334a19d6d5dc2969f1228b82375e8334a"><material><mattext texttype="text/html">Call WordPress support</mattext></material></response_label></render_choice></response_lid></presentation><resprocessing><outcomes><decvar maxvalue="100" minvalue="0" varname="SCORE" vartype="Decimal"/></outcomes><respcondition continue="No"><conditionvar><varequal respident="response1">d1e69f5aa1f759c420809ec9cc47ff4dc2c178ee92327424a508b1de91d07b32392a76c3bb2ab894</varequal></conditionvar><setvar actoin="Set" varname="SCORE">100</setvar></respcondition></resprocessing></item><item ident="2a6f4aa9a37d82f33064d21d3923d52e8ccaf272441d085107803410ace8a57ea24b8e11b4ece220" title="Question"><itemmetadata><qtimetadata><qtimetadatafield><fieldlabel>question_type</fieldlabel><fieldentry>multiple_choice_question</fieldentry></qtimetadatafield><qtimetadatafield><fieldlabel>points_possible</fieldlabel><fieldentry>1</fieldentry></qtimetadatafield><qtimetadatafield><fieldlabel>original_answer_ids</fieldlabel><fieldentry>484740cc020a87480fc29d3fa92fc7387221fbdd1d2f317ae9b12d65cd8f89bae776a2240ae962fc,6674076f48537ca5f779c86a4ec64794fd77ac43cdda7d03388982720435c8eb833a2771757750c0,66976522e860871f198d2ef8f12a3a5b216f64b8f1dab1f1eaee6b9b1974d7f6a5b860e84f3dcf2b,293c7fb6021048c6c189cc2bcc2dc4264df95de60f2b1ed33497e5fcaf21c10cd58f2ee9756befe7</fieldentry></qtimetadatafield><qtimetadatafield><fieldlabel>assessment_question_identifierref</fieldlabel><fieldentry>ec577de15a5e8ef6e745bb12f6b78456da8c840b37d0aa6c4125d009a0c61064757f31e149277cc2</fieldentry></qtimetadatafield></qtimetadata></itemmetadata><presentation><material><mattext texttype="text/html">Which of the following is NOT a type of user role in WordPress?</mattext></material><response_lid ident="response1" rcardinality="Single"><render_choice><response_label ident="484740cc020a87480fc29d3fa92fc7387221fbdd1d2f317ae9b12d65cd8f89bae776a2240ae962fc"><material><mattext texttype="text/html">Editor</mattext></material></response_label><response_label ident="6674076f48537ca5f779c86a4ec64794fd77ac43cdda7d03388982720435c8eb833a2771757750c0"><material><mattext texttype="text/html">Subscriber</mattext></material></response_label><response_label ident="66976522e860871f198d2ef8f12a3a5b216f64b8f1dab1f1eaee6b9b1974d7f6a5b860e84f3dcf2b"><material><mattext texttype="text/html">Author</mattext></material></response_label><response_label ident="293c7fb6021048c6c189cc2bcc2dc4264df95de60f2b1ed33497e5fcaf21c10cd58f2ee9756befe7"><material><mattext texttype="text/html">Viewer</mattext></material></response_label></render_choice></response_lid></presentation><resprocessing><outcomes><decvar maxvalue="100" minvalue="0" varname="SCORE" vartype="Decimal"/></outcomes><respcondition continue="No"><conditionvar><varequal respident="response1">293c7fb6021048c6c189cc2bcc2dc4264df95de60f2b1ed33497e5fcaf21c10cd58f2ee9756befe7</varequal></conditionvar><setvar actoin="Set" varname="SCORE">100</setvar></respcondition></resprocessing></item><item ident="059db94023e1570cafa917bac1ee1814c66f1756d9df9ddf86fab65a07dd3537e4bf9413f7127f1c" title="Question"><itemmetadata><qtimetadata><qtimetadatafield><fieldlabel>question_type</fieldlabel><fieldentry>multiple_choice_question</fieldentry></qtimetadatafield><qtimetadatafield><fieldlabel>points_possible</fieldlabel><fieldentry>1</fieldentry></qtimetadatafield><qtimetadatafield><fieldlabel>original_answer_ids</fieldlabel><fieldentry>2976210a42f336e5d881f87bae1228a1fa8b6c1f9a8125868e96430185b45b43f7f2e9b90d81ce7e,810aad4ff38678a362f4401a4551edc390aaefe0f645f6456a2a0b33242e02a79f431799c0493758,0858b638b8fc0e5f642bac4b09e46c83649cbe9ab32a2ee38ff74d0c5c6bcd3d178b9e958901d80f,87c0d15b843fb821efae7b18cce0c28dc87f5a538418a474088f9823191642e96ce75f96a9fa9145</fieldentry></qtimetadatafield><qtimetadatafield><fieldlabel>assessment_question_identifierref</fieldlabel><fieldentry>689b8d9dba3c5299cd153cb1036b580fea9decdb2960e3a08ff59269a9bfb0450092c31ad7f09a34</fieldentry></qtimetadatafield></qtimetadata></itemmetadata><presentation><material><mattext texttype="text/html">What is the function of the WordPress Customizer?</mattext></material><response_lid ident="response1" rcardinality="Single"><render_choice><response_label ident="2976210a42f336e5d881f87bae1228a1fa8b6c1f9a8125868e96430185b45b43f7f2e9b90d81ce7e"><material><mattext texttype="text/html">To manage plugins</mattext></material></response_label><response_label ident="810aad4ff38678a362f4401a4551edc390aaefe0f645f6456a2a0b33242e02a79f431799c0493758"><material><mattext texttype="text/html">To create new posts</mattext></material></response_label><response_label ident="0858b638b8fc0e5f642bac4b09e46c83649cbe9ab32a2ee38ff74d0c5c6bcd3d178b9e958901d80f"><material><mattext texttype="text/html">To customize the site's appearance through a live preview</mattext></material></response_label><response_label ident="87c0d15b843fb821efae7b18cce0c28dc87f5a538418a474088f9823191642e96ce75f96a9fa9145"><material><mattext texttype="text/html">To access the site's database</mattext></material></response_label></render_choice></response_lid></presentation><resprocessing><outcomes><decvar maxvalue="100" minvalue="0" varname="SCORE" vartype="Decimal"/></outcomes><respcondition continue="No"><conditionvar><varequal respident="response1">0858b638b8fc0e5f642bac4b09e46c83649cbe9ab32a2ee38ff74d0c5c6bcd3d178b9e958901d80f</varequal></conditionvar><setvar actoin="Set" varname="SCORE">100</setvar></respcondition></resprocessing></item></section></assessment></questestinterop>
