<?xml version="1.0" encoding="UTF-8"?>
<questestinterop xmlns="http://www.imsglobal.org/xsd/ims_qtiasiv1p2" xmlns:xsi="http://www.w3.org/2001/XMLSchema-instance" xsi:schemaLocation="http://www.imsglobal.org/xsd/ims_qtiasiv1p2 http://www.imsglobal.org/xsd/ims_qtiasiv1p2p1.xsd"><assessment ident="791d9a6360475f23a986a6dd30be6fa6e1bd8cdf1aa538367aa7e0e9ed120d6a90893631ee67af2d" title="grid"><qtimetadata><qtimetadatafield><fieldlabel>cc_maxattempts</fieldlabel><fieldentry>1</fieldentry></qtimetadatafield></qtimetadata><section ident="root_section"><item ident="cfa9d77aea4ed3eb3c7961f098af0a74c882ba99a18a607b55334f0d9bd599e9b90f11e6ee8de2b8" title="Question"><itemmetadata><qtimetadata><qtimetadatafield><fieldlabel>question_type</fieldlabel><fieldentry>short_answer_question</fieldentry></qtimetadatafield><qtimetadatafield><fieldlabel>points_possible</fieldlabel><fieldentry>1</fieldentry></qtimetadatafield><qtimetadatafield><fieldlabel>original_answer_ids</fieldlabel><fieldentry>5eab897fd150e3d7ca4f62f4cb21ca5ab10ee09d6d669a303ddd8a52619ddf178e0c5bcad8a53242</fieldentry></qtimetadatafield><qtimetadatafield><fieldlabel>assessment_question_identifierref</fieldlabel><fieldentry>c150599343073986c2a4048d45666a92446366de30640d343b35eec9f6a0a766922399cee2140c43</fieldentry></qtimetadatafield></qtimetadata></itemmetadata><presentation><material><mattext texttype="text/html">What CSS property is used to define a container as a grid container?</mattext></material><response_str ident="response1" rcardinality="Single"><render_fib><response_label ident="answer1" rshuffle="No"/></render_fib></response_str></presentation><resprocessing><outcomes><decvar maxvalue="100" minvalue="0" varname="SCORE" vartype="Decimal"/></outcomes><respcondition continue="No"><conditionvar><varequal respident="response1">display: grid;</varequal></conditionvar><setvar actoin="Set" varname="SCORE">100</setvar></respcondition></resprocessing></item><item ident="7b05cae2aa2263af4743f1c6e866c721792d29e7c2467316554590b535fc5e9710a14c10f05fe64b" title="Question"><itemmetadata><qtimetadata><qtimetadatafield><fieldlabel>question_type</fieldlabel><fieldentry>short_answer_question</fieldentry></qtimetadatafield><qtimetadatafield><fieldlabel>points_possible</fieldlabel><fieldentry>1</fieldentry></qtimetadatafield><qtimetadatafield><fieldlabel>original_answer_ids</fieldlabel><fieldentry>5f1ce918ffb290432bd1e1d93904aae2ce1f67d7dd54af7e2479e22443128637a267f6642eccef80</fieldentry></qtimetadatafield><qtimetadatafield><fieldlabel>assessment_question_identifierref</fieldlabel><fieldentry>f4d592369d8ecf0d46dc2507ad24c20952cb8ed41eb88947285c2b6c9da01c73c45c8dbc85c62236</fieldentry></qtimetadatafield></qtimetadata></itemmetadata><presentation><material><mattext texttype="text/html">How do you define the number of columns in a CSS grid with equal width?</mattext></material><response_str ident="response1" rcardinality="Single"><render_fib><response_label ident="answer1" rshuffle="No"/></render_fib></response_str></presentation><resprocessing><outcomes><decvar maxvalue="100" minvalue="0" varname="SCORE" vartype="Decimal"/></outcomes><respcondition continue="No"><conditionvar><varequal respident="response1">grid-template-columns: repeat(number, 1fr);</varequal></conditionvar><setvar actoin="Set" varname="SCORE">100</setvar></respcondition></resprocessing></item><item ident="7f83b8bf9537692686778e01ce7bd13cdc1ee6adb41360a42d4a6ccbb6235ff45089c6e7e899fa60" title="Question"><itemmetadata><qtimetadata><qtimetadatafield><fieldlabel>question_type</fieldlabel><fieldentry>short_answer_question</fieldentry></qtimetadatafield><qtimetadatafield><fieldlabel>points_possible</fieldlabel><fieldentry>1</fieldentry></qtimetadatafield><qtimetadatafield><fieldlabel>original_answer_ids</fieldlabel><fieldentry>2cfe37e08e7b7087eceba36c467da47a8ce083aebf71847c976328173dd92d2699016c91dabaf719</fieldentry></qtimetadatafield><qtimetadatafield><fieldlabel>assessment_question_identifierref</fieldlabel><fieldentry>c96481f930fc4963b2d7cda6a5fa8a778296328125aaba8634e239b265a5f80a49f7770a651b27d3</fieldentry></qtimetadatafield></qtimetadata></itemmetadata><presentation><material><mattext texttype="text/html">If you want to place an item in the third row and second column of the grid, what CSS property and value would you use?</mattext></material><response_str ident="response1" rcardinality="Single"><render_fib><response_label ident="answer1" rshuffle="No"/></render_fib></response_str></presentation><resprocessing><outcomes><decvar maxvalue="100" minvalue="0" varname="SCORE" vartype="Decimal"/></outcomes><respcondition continue="No"><conditionvar><varequal respident="response1">grid-row: 3; grid-column: 2;</varequal></conditionvar><setvar actoin="Set" varname="SCORE">100</setvar></respcondition></resprocessing></item><item ident="8f74ba58acae97ec7c29620dd7f49661f943e24fe120a04bcbdbe8a260695a5e763219ed180d4816" title="Question"><itemmetadata><qtimetadata><qtimetadatafield><fieldlabel>question_type</fieldlabel><fieldentry>multiple_choice_question</fieldentry></qtimetadatafield><qtimetadatafield><fieldlabel>points_possible</fieldlabel><fieldentry>1</fieldentry></qtimetadatafield><qtimetadatafield><fieldlabel>original_answer_ids</fieldlabel><fieldentry>415d0233e07439ad1a689ed28862461f8a2db69b4ca8b9dd4d92884543bb728e4c6cfbdf7cc8f01e,55915ed622615c77d78e7ce6ecd636c940521b0e823eaefe70f7427f84610869c2d638dcfcbad203,76050cc0f6fe508489e7479c9a82940cf718b238e846325b582ef5349c9bcb65c53495ff0d2f5f9c,4b7afadc0dcb6764f5fbc9d569b085691f5e01e55a6223514656d8442d8abae9aa42a898f96a0e19</fieldentry></qtimetadatafield><qtimetadatafield><fieldlabel>assessment_question_identifierref</fieldlabel><fieldentry>25f5355e19ef7476bc841e1eeea43d9db928a8fb707050c70644ebf0fd60148c3d49081203c620ba</fieldentry></qtimetadatafield></qtimetadata></itemmetadata><presentation><material><mattext texttype="text/html">What CSS property is used to create a gap between grid columns?</mattext></material><response_lid ident="response1" rcardinality="Single"><render_choice><response_label ident="415d0233e07439ad1a689ed28862461f8a2db69b4ca8b9dd4d92884543bb728e4c6cfbdf7cc8f01e"><material><mattext texttype="text/html">column-gap</mattext></material></response_label><response_label ident="55915ed622615c77d78e7ce6ecd636c940521b0e823eaefe70f7427f84610869c2d638dcfcbad203"><material><mattext texttype="text/html">grid-column-gap</mattext></material></response_label><response_label ident="76050cc0f6fe508489e7479c9a82940cf718b238e846325b582ef5349c9bcb65c53495ff0d2f5f9c"><material><mattext texttype="text/html">grid-gap</mattext></material></response_label><response_label ident="4b7afadc0dcb6764f5fbc9d569b085691f5e01e55a6223514656d8442d8abae9aa42a898f96a0e19"><material><mattext texttype="text/html">All of the above</mattext></material></response_label></render_choice></response_lid></presentation><resprocessing><outcomes><decvar maxvalue="100" minvalue="0" varname="SCORE" vartype="Decimal"/></outcomes><respcondition continue="No"><conditionvar><varequal respident="response1">4b7afadc0dcb6764f5fbc9d569b085691f5e01e55a6223514656d8442d8abae9aa42a898f96a0e19</varequal></conditionvar><setvar actoin="Set" varname="SCORE">100</setvar></respcondition></resprocessing></item><item ident="e0cda81e35fb2216b0c2ea43ac6ed9ae067de6d35dbcb7719dc820fca3bd62d25ed96ab4baed6a89" title="Question"><itemmetadata><qtimetadata><qtimetadatafield><fieldlabel>question_type</fieldlabel><fieldentry>multiple_choice_question</fieldentry></qtimetadatafield><qtimetadatafield><fieldlabel>points_possible</fieldlabel><fieldentry>1</fieldentry></qtimetadatafield><qtimetadatafield><fieldlabel>original_answer_ids</fieldlabel><fieldentry>dae36176223ee8e2b2eb00604e4203f8bdcd961acde9353c600e9d96cb370b86fafcbac475dd2d47,69c2088d9ed98313bcad1e7fa7ca7f0970caa5ff6a8a801bfa9105b857ce42a15f0623d9a48b9382,aa5231dbbb1e6bfc5f9d18e4b05fcb7cd74e3e3c5ade3794d5b3df48132e1483fdda0c4caef7179e,eb8980e065a34768e50e016e68903a12789a8f008143b7ea7ee47480a8c685bd91fe3995ecbc7df6</fieldentry></qtimetadatafield><qtimetadatafield><fieldlabel>assessment_question_identifierref</fieldlabel><fieldentry>5afcd1d50bd7816b38b03c5a02fca6082c43527134ed7276b068ebbc3d53614779f2b3f0d68f085b</fieldentry></qtimetadatafield></qtimetadata></itemmetadata><presentation><material><mattext texttype="text/html">Which of the following is NOT a valid value for the 'display' property to create a grid?</mattext></material><response_lid ident="response1" rcardinality="Single"><render_choice><response_label ident="dae36176223ee8e2b2eb00604e4203f8bdcd961acde9353c600e9d96cb370b86fafcbac475dd2d47"><material><mattext texttype="text/html">grid</mattext></material></response_label><response_label ident="69c2088d9ed98313bcad1e7fa7ca7f0970caa5ff6a8a801bfa9105b857ce42a15f0623d9a48b9382"><material><mattext texttype="text/html">inline-grid</mattext></material></response_label><response_label ident="aa5231dbbb1e6bfc5f9d18e4b05fcb7cd74e3e3c5ade3794d5b3df48132e1483fdda0c4caef7179e"><material><mattext texttype="text/html">block-grid</mattext></material></response_label><response_label ident="eb8980e065a34768e50e016e68903a12789a8f008143b7ea7ee47480a8c685bd91fe3995ecbc7df6"><material><mattext texttype="text/html">subgrid</mattext></material></response_label></render_choice></response_lid></presentation><resprocessing><outcomes><decvar maxvalue="100" minvalue="0" varname="SCORE" vartype="Decimal"/></outcomes><respcondition continue="No"><conditionvar><varequal respident="response1">aa5231dbbb1e6bfc5f9d18e4b05fcb7cd74e3e3c5ade3794d5b3df48132e1483fdda0c4caef7179e</varequal></conditionvar><setvar actoin="Set" varname="SCORE">100</setvar></respcondition></resprocessing></item><item ident="9539e85fbf412065c6f4df1c611555c4bf74ac8ed75f378457bbe0f10bb11b607f85392dfbc69d9d" title="Question"><itemmetadata><qtimetadata><qtimetadatafield><fieldlabel>question_type</fieldlabel><fieldentry>multiple_choice_question</fieldentry></qtimetadatafield><qtimetadatafield><fieldlabel>points_possible</fieldlabel><fieldentry>1</fieldentry></qtimetadatafield><qtimetadatafield><fieldlabel>original_answer_ids</fieldlabel><fieldentry>80073d34962346d209cfbe7b087b8e7167bbcbcf7c2ab756c3f5015b982d56a5c9a2cc9849da5b41,8115ee67ee5e91f61f5b93ae5023e843cb61534bf99c82d51ef74c5cd52d098a498a00b8423ef20c,c2ee1a6639734d044bd2ca80d9dd762403b222852eefaa66834dda3a542ad16f66fde75063e5da56,5beb7ee0b45841694fc8db395e9bdbe03c876bafda3251a562e9f518c04b844fbbde4a24cb1a3a3b</fieldentry></qtimetadatafield><qtimetadatafield><fieldlabel>assessment_question_identifierref</fieldlabel><fieldentry>1f10676be6edc0e8c3cee4f3237ae2f5f4d30a3b692e34b15d7cfbde81a107c82e17e0df14ff1053</fieldentry></qtimetadatafield></qtimetadata></itemmetadata><presentation><material><mattext texttype="text/html">What CSS property would you use to align the content inside a grid item, horizontally and vertically?</mattext></material><response_lid ident="response1" rcardinality="Single"><render_choice><response_label ident="80073d34962346d209cfbe7b087b8e7167bbcbcf7c2ab756c3f5015b982d56a5c9a2cc9849da5b41"><material><mattext texttype="text/html">align-content: center;</mattext></material></response_label><response_label ident="8115ee67ee5e91f61f5b93ae5023e843cb61534bf99c82d51ef74c5cd52d098a498a00b8423ef20c"><material><mattext texttype="text/html">justify-content: center;</mattext></material></response_label><response_label ident="c2ee1a6639734d044bd2ca80d9dd762403b222852eefaa66834dda3a542ad16f66fde75063e5da56"><material><mattext texttype="text/html">Both a and b</mattext></material></response_label><response_label ident="5beb7ee0b45841694fc8db395e9bdbe03c876bafda3251a562e9f518c04b844fbbde4a24cb1a3a3b"><material><mattext texttype="text/html">None of the above</mattext></material></response_label></render_choice></response_lid></presentation><resprocessing><outcomes><decvar maxvalue="100" minvalue="0" varname="SCORE" vartype="Decimal"/></outcomes><respcondition continue="No"><conditionvar><varequal respident="response1">c2ee1a6639734d044bd2ca80d9dd762403b222852eefaa66834dda3a542ad16f66fde75063e5da56</varequal></conditionvar><setvar actoin="Set" varname="SCORE">100</setvar></respcondition></resprocessing></item><item ident="443118f674e4dce2e2ba3649b2e9f526fea4f44cf155e9e2f5e243e205ed2e0ec314e74a5da5086a" title="Question"><itemmetadata><qtimetadata><qtimetadatafield><fieldlabel>question_type</fieldlabel><fieldentry>short_answer_question</fieldentry></qtimetadatafield><qtimetadatafield><fieldlabel>points_possible</fieldlabel><fieldentry>1</fieldentry></qtimetadatafield><qtimetadatafield><fieldlabel>original_answer_ids</fieldlabel><fieldentry>c68e70714bc4cf14015e6abc656553fc3bfbdcaba7a9bd17860d1a81f51296495f54d00fd75ea75b</fieldentry></qtimetadatafield><qtimetadatafield><fieldlabel>assessment_question_identifierref</fieldlabel><fieldentry>7eca5b40cac436950666f60827b50448683df08424a550acf9d4c36f6cb7981c645b8ae87b1fd1be</fieldentry></qtimetadatafield></qtimetadata></itemmetadata><presentation><material><mattext texttype="text/html">If you want to name a grid line, what CSS property would you use?</mattext></material><response_str ident="response1" rcardinality="Single"><render_fib><response_label ident="answer1" rshuffle="No"/></render_fib></response_str></presentation><resprocessing><outcomes><decvar maxvalue="100" minvalue="0" varname="SCORE" vartype="Decimal"/></outcomes><respcondition continue="No"><conditionvar><varequal respident="response1">grid-template-areas</varequal></conditionvar><setvar actoin="Set" varname="SCORE">100</setvar></respcondition></resprocessing></item><item ident="116d41b9b2ccc68aa326849a486a226740ecfaa5f73b87a75de53f526d0e4e49a14d02c274c21ad5" title="Question"><itemmetadata><qtimetadata><qtimetadatafield><fieldlabel>question_type</fieldlabel><fieldentry>short_answer_question</fieldentry></qtimetadatafield><qtimetadatafield><fieldlabel>points_possible</fieldlabel><fieldentry>1</fieldentry></qtimetadatafield><qtimetadatafield><fieldlabel>original_answer_ids</fieldlabel><fieldentry>f5439612eab2e1a4260c363bef12291f54b1e5215269d1226d92332369a7c858ab8d43e145a3d696</fieldentry></qtimetadatafield><qtimetadatafield><fieldlabel>assessment_question_identifierref</fieldlabel><fieldentry>0ed721732a76f9cf6d9f1da71b7f63256ca978a4098230759511d9d4716bb0b9da8f619f7017ef78</fieldentry></qtimetadatafield></qtimetadata></itemmetadata><presentation><material><mattext texttype="text/html">How can you make a grid item span 2 columns?</mattext></material><response_str ident="response1" rcardinality="Single"><render_fib><response_label ident="answer1" rshuffle="No"/></render_fib></response_str></presentation><resprocessing><outcomes><decvar maxvalue="100" minvalue="0" varname="SCORE" vartype="Decimal"/></outcomes><respcondition continue="No"><conditionvar><varequal respident="response1">grid-column: span 2;</varequal></conditionvar><setvar actoin="Set" varname="SCORE">100</setvar></respcondition></resprocessing></item><item ident="96c5dd403c91b70a483dd5706841c93130d48272cd25ceff2d67d0131bbad82829b8226842343941" title="Question"><itemmetadata><qtimetadata><qtimetadatafield><fieldlabel>question_type</fieldlabel><fieldentry>short_answer_question</fieldentry></qtimetadatafield><qtimetadatafield><fieldlabel>points_possible</fieldlabel><fieldentry>1</fieldentry></qtimetadatafield><qtimetadatafield><fieldlabel>original_answer_ids</fieldlabel><fieldentry>279bbf78389c02666771248b896c694f06e92230c3244b18ca5c46b6242e32ff5c9a812e35cce123</fieldentry></qtimetadatafield><qtimetadatafield><fieldlabel>assessment_question_identifierref</fieldlabel><fieldentry>a5908705db76d7fa6d9873e25af6bbd3d675703598f921b04101d729a500ee43d8cce98da3ca0581</fieldentry></qtimetadatafield></qtimetadata></itemmetadata><presentation><material><mattext texttype="text/html">What is the CSS property used to control the space between grid items?</mattext></material><response_str ident="response1" rcardinality="Single"><render_fib><response_label ident="answer1" rshuffle="No"/></render_fib></response_str></presentation><resprocessing><outcomes><decvar maxvalue="100" minvalue="0" varname="SCORE" vartype="Decimal"/></outcomes><respcondition continue="No"><conditionvar><varequal respident="response1">gap</varequal></conditionvar><setvar actoin="Set" varname="SCORE">100</setvar></respcondition></resprocessing></item><item ident="0d68cd770c5a69579574dcb44c497e20be4cfab50151efb853f2923760867d77c89be0b5d8bc272a" title="Question"><itemmetadata><qtimetadata><qtimetadatafield><fieldlabel>question_type</fieldlabel><fieldentry>short_answer_question</fieldentry></qtimetadatafield><qtimetadatafield><fieldlabel>points_possible</fieldlabel><fieldentry>1</fieldentry></qtimetadatafield><qtimetadatafield><fieldlabel>original_answer_ids</fieldlabel><fieldentry>b6218c14e66833459b48c42c6e43a60fac6124be46405b2aa8e95088a25619f57d899b895b6e1b83</fieldentry></qtimetadatafield><qtimetadatafield><fieldlabel>assessment_question_identifierref</fieldlabel><fieldentry>e08562eef85348758d68b334b2ac435eabc20305af77ee5037348bf89733206bf1e70de61bb10221</fieldentry></qtimetadatafield></qtimetadata></itemmetadata><presentation><material><mattext texttype="text/html">How would you make a grid with three columns, where the first column takes 1 fraction of the available space, the second takes 2 fractions, and the third takes 1 fraction?</mattext></material><response_str ident="response1" rcardinality="Single"><render_fib><response_label ident="answer1" rshuffle="No"/></render_fib></response_str></presentation><resprocessing><outcomes><decvar maxvalue="100" minvalue="0" varname="SCORE" vartype="Decimal"/></outcomes><respcondition continue="No"><conditionvar><varequal respident="response1">grid-template-columns: 1fr 2fr 1fr;</varequal></conditionvar><setvar actoin="Set" varname="SCORE">100</setvar></respcondition></resprocessing></item></section></assessment></questestinterop>
