<?xml version="1.0" encoding="UTF-8"?>
<questestinterop xmlns="http://www.imsglobal.org/xsd/ims_qtiasiv1p2" xmlns:xsi="http://www.w3.org/2001/XMLSchema-instance" xsi:schemaLocation="http://www.imsglobal.org/xsd/ims_qtiasiv1p2 http://www.imsglobal.org/xsd/ims_qtiasiv1p2p1.xsd"><assessment ident="5906972662e32de40f8913704c608de8e6618e6af4a32c56f8d8d6ed06f7cdd7f1ed131660819b91" title="Connections"><qtimetadata><qtimetadatafield><fieldlabel>cc_maxattempts</fieldlabel><fieldentry>1</fieldentry></qtimetadatafield></qtimetadata><section ident="root_section"><item ident="2d78d69805ce1b75aa04da2b4d2b871287d4227f1197a32f01b2e56ea2528ab3e47eb820f8415b47" title="Question"><itemmetadata><qtimetadata><qtimetadatafield><fieldlabel>question_type</fieldlabel><fieldentry>multiple_choice_question</fieldentry></qtimetadatafield><qtimetadatafield><fieldlabel>points_possible</fieldlabel><fieldentry>1</fieldentry></qtimetadatafield><qtimetadatafield><fieldlabel>original_answer_ids</fieldlabel><fieldentry>878b91e390fb3f9453d8743228195323c1a6649b07add1fa8f449ca8851ddb6af4109a876a4bf2d7,863b2387fdfa89998369a20e2d9286aac05d0fa4fc7608f57282f5a3463ede1f3f551f3bb80d1493,249b8534c5a5714cd0a48b0b688bc45a04bb0bcb7d5cf614bc7381e172bfb231f170ae824fc4c435,3da490aa0abefa0080d29a10c2cd60aca709521324c7e4868333a3348472a1a8ba97fa2e6888de93</fieldentry></qtimetadatafield><qtimetadatafield><fieldlabel>assessment_question_identifierref</fieldlabel><fieldentry>a7cda8357a829e3ea68b259060c1d0619d8427a6363530d16e840f969fb57ffa6d7e20cc03beee88</fieldentry></qtimetadatafield></qtimetadata></itemmetadata><presentation><material><mattext texttype="text/html">your HTML file is in the root directory, and your CSS file is in a folder named "styles" in the same directory, how would you link the CSS file in the HTML file?</mattext></material><response_lid ident="response1" rcardinality="Single"><render_choice><response_label ident="878b91e390fb3f9453d8743228195323c1a6649b07add1fa8f449ca8851ddb6af4109a876a4bf2d7"><material><mattext texttype="text/html">href="styles/myStyle.css"</mattext></material></response_label><response_label ident="863b2387fdfa89998369a20e2d9286aac05d0fa4fc7608f57282f5a3463ede1f3f551f3bb80d1493"><material><mattext texttype="text/html">href="/styles/myStyle.css"</mattext></material></response_label><response_label ident="249b8534c5a5714cd0a48b0b688bc45a04bb0bcb7d5cf614bc7381e172bfb231f170ae824fc4c435"><material><mattext texttype="text/html">href="myStyle.css"</mattext></material></response_label><response_label ident="3da490aa0abefa0080d29a10c2cd60aca709521324c7e4868333a3348472a1a8ba97fa2e6888de93"><material><mattext texttype="text/html">href="/myStyle.css"</mattext></material></response_label></render_choice></response_lid></presentation><resprocessing><outcomes><decvar maxvalue="100" minvalue="0" varname="SCORE" vartype="Decimal"/></outcomes><respcondition continue="No"><conditionvar><varequal respident="response1">878b91e390fb3f9453d8743228195323c1a6649b07add1fa8f449ca8851ddb6af4109a876a4bf2d7</varequal></conditionvar><setvar actoin="Set" varname="SCORE">100</setvar></respcondition></resprocessing></item><item ident="3ea44525a9b092a9178ea9d0f076f41150fe66df39d7c3d1bcd232578d8d6c4e94aff9df000f8d43" title="Question"><itemmetadata><qtimetadata><qtimetadatafield><fieldlabel>question_type</fieldlabel><fieldentry>multiple_choice_question</fieldentry></qtimetadatafield><qtimetadatafield><fieldlabel>points_possible</fieldlabel><fieldentry>1</fieldentry></qtimetadatafield><qtimetadatafield><fieldlabel>original_answer_ids</fieldlabel><fieldentry>b3b568ab95db446440f210ab7874a8f160598d16193a0102a1d545cb1b9a86bb54d5f74a41fb61a0,649b7ba2202e7efe25bcf6d662295302e01ef4d43dd94b34950854b360aa6f3bde0424d08454d471,57f23fbc9f1aef9803e01e0fb308cb371b1769cd2d001d666b150b8d9d0b89c44e2038fde4e0837a,9df0d54f0591595cde1d6a0df04be1a9e6cee6eccbb84c74ddc8404e126c14600e92a5d39dee589b</fieldentry></qtimetadatafield><qtimetadatafield><fieldlabel>assessment_question_identifierref</fieldlabel><fieldentry>428546cb63ebb5db7e0eac0d8ca376728796421117f6fa5598b07f41777cf277aa3fc1b997529311</fieldentry></qtimetadatafield></qtimetadata></itemmetadata><presentation><material><mattext texttype="text/html">set a background image from a separate folder named "images" within the CSS file, what would the syntax look like?</mattext></material><response_lid ident="response1" rcardinality="Single"><render_choice><response_label ident="b3b568ab95db446440f210ab7874a8f160598d16193a0102a1d545cb1b9a86bb54d5f74a41fb61a0"><material><mattext texttype="text/html">background-image: url('/images/myBackground.jpg');</mattext></material></response_label><response_label ident="649b7ba2202e7efe25bcf6d662295302e01ef4d43dd94b34950854b360aa6f3bde0424d08454d471"><material><mattext texttype="text/html">background-image: url('images/myBackground.jpg');</mattext></material></response_label><response_label ident="57f23fbc9f1aef9803e01e0fb308cb371b1769cd2d001d666b150b8d9d0b89c44e2038fde4e0837a"><material><mattext texttype="text/html">background-image: url('myBackground.jpg');</mattext></material></response_label><response_label ident="9df0d54f0591595cde1d6a0df04be1a9e6cee6eccbb84c74ddc8404e126c14600e92a5d39dee589b"><material><mattext texttype="text/html">background-image: url('/myBackground.jpg');</mattext></material></response_label></render_choice></response_lid></presentation><resprocessing><outcomes><decvar maxvalue="100" minvalue="0" varname="SCORE" vartype="Decimal"/></outcomes><respcondition continue="No"><conditionvar><varequal respident="response1">649b7ba2202e7efe25bcf6d662295302e01ef4d43dd94b34950854b360aa6f3bde0424d08454d471</varequal></conditionvar><setvar actoin="Set" varname="SCORE">100</setvar></respcondition></resprocessing></item><item ident="145f63d55ae60e40cf39b5eedda4cba22fedfb246d38ac686cb21b9196966444de5b15bd43c4d5d0" title="Question"><itemmetadata><qtimetadata><qtimetadatafield><fieldlabel>question_type</fieldlabel><fieldentry>multiple_choice_question</fieldentry></qtimetadatafield><qtimetadatafield><fieldlabel>points_possible</fieldlabel><fieldentry>1</fieldentry></qtimetadatafield><qtimetadatafield><fieldlabel>original_answer_ids</fieldlabel><fieldentry>043eed8345ae5387a61f697dc22ad76e01a45ef5159e5acaa2a97b66d25139929931362a6bc5e362,71eb7a5fdbea282e998e741a8769f3a65c52dc4920e349f90534819b9593cebcf4bf4b6c914c9321,3b13e932345f32ed975ba3262563d408d6579d5fa84c44efcec2f478152fd32cdc7af5e69ead269b,f8ae20281eb3b4d2d60c0fa6ee9c81355f4e6d184654a9b2b93f97630f21b6ec27377a19256afa2c</fieldentry></qtimetadatafield><qtimetadatafield><fieldlabel>assessment_question_identifierref</fieldlabel><fieldentry>40cd8b123280dd1e0e60f08dcd8bbb2d0f9fc1874f17e87da72d4f3f2dbf5dc7010afcda78e1f5c1</fieldentry></qtimetadatafield></qtimetadata></itemmetadata><presentation><material><mattext texttype="text/html">you have a folder named "pages" in the root directory, and you want to link to a page named "about.html" in this folder from another HTML page in the root directory, what would the href attribute be?</mattext></material><response_lid ident="response1" rcardinality="Single"><render_choice><response_label ident="043eed8345ae5387a61f697dc22ad76e01a45ef5159e5acaa2a97b66d25139929931362a6bc5e362"><material><mattext texttype="text/html">a href="/pages/about.html"</mattext></material></response_label><response_label ident="71eb7a5fdbea282e998e741a8769f3a65c52dc4920e349f90534819b9593cebcf4bf4b6c914c9321"><material><mattext texttype="text/html">a href="pages/about.html"</mattext></material></response_label><response_label ident="3b13e932345f32ed975ba3262563d408d6579d5fa84c44efcec2f478152fd32cdc7af5e69ead269b"><material><mattext texttype="text/html">a href="about.html"</mattext></material></response_label><response_label ident="f8ae20281eb3b4d2d60c0fa6ee9c81355f4e6d184654a9b2b93f97630f21b6ec27377a19256afa2c"><material><mattext texttype="text/html">a href="/about.html"</mattext></material></response_label></render_choice></response_lid></presentation><resprocessing><outcomes><decvar maxvalue="100" minvalue="0" varname="SCORE" vartype="Decimal"/></outcomes><respcondition continue="No"><conditionvar><varequal respident="response1">71eb7a5fdbea282e998e741a8769f3a65c52dc4920e349f90534819b9593cebcf4bf4b6c914c9321</varequal></conditionvar><setvar actoin="Set" varname="SCORE">100</setvar></respcondition></resprocessing></item><item ident="9867de16b74e2c883d87d64f93b5f1df336339861b6ca75fcf57880dc0699d8b9bd673bc5235e8dd" title="Question"><itemmetadata><qtimetadata><qtimetadatafield><fieldlabel>question_type</fieldlabel><fieldentry>multiple_choice_question</fieldentry></qtimetadatafield><qtimetadatafield><fieldlabel>points_possible</fieldlabel><fieldentry>1</fieldentry></qtimetadatafield><qtimetadatafield><fieldlabel>original_answer_ids</fieldlabel><fieldentry>3fe57ee0a3ff8a3290a6e918f4706b7b459a9dffa6fa62faecd237275e45f2289061044770078a36,270aafb510d7c7bc44e53d2d32669ff58edc77500f582f051167af8aa2ef729145ce1bc5dea587f5,a66aeb270079c2ee76e5614ad455e0c5979c8e4912b5044b4bfa6840f98fd2ad67fb31fdf9ceb5fd,51caba727dd2ebc6970434767659a0887f5136967a3716a2de41b78ab127e294d99c0637e5a940c0</fieldentry></qtimetadatafield><qtimetadatafield><fieldlabel>assessment_question_identifierref</fieldlabel><fieldentry>e223a23b5e4faeb002c0bb2df8f5dbcd94ef13df0a1c380fd998904d89c7c3c546a4bac8e300af68</fieldentry></qtimetadatafield></qtimetadata></itemmetadata><presentation><material><mattext texttype="text/html">your image file "myImage.jpg" is located in a subfolder named "images" in the root directory, how would you link this image in your HTML file in the root directory?</mattext></material><response_lid ident="response1" rcardinality="Single"><render_choice><response_label ident="3fe57ee0a3ff8a3290a6e918f4706b7b459a9dffa6fa62faecd237275e45f2289061044770078a36"><material><mattext texttype="text/html">img src="images/myImage.jpg"</mattext></material></response_label><response_label ident="270aafb510d7c7bc44e53d2d32669ff58edc77500f582f051167af8aa2ef729145ce1bc5dea587f5"><material><mattext texttype="text/html">img src="/images/myImage.jpg"</mattext></material></response_label><response_label ident="a66aeb270079c2ee76e5614ad455e0c5979c8e4912b5044b4bfa6840f98fd2ad67fb31fdf9ceb5fd"><material><mattext texttype="text/html">img src="myImage.jpg"</mattext></material></response_label><response_label ident="51caba727dd2ebc6970434767659a0887f5136967a3716a2de41b78ab127e294d99c0637e5a940c0"><material><mattext texttype="text/html">img src="/myImage.jpg"</mattext></material></response_label></render_choice></response_lid></presentation><resprocessing><outcomes><decvar maxvalue="100" minvalue="0" varname="SCORE" vartype="Decimal"/></outcomes><respcondition continue="No"><conditionvar><varequal respident="response1">3fe57ee0a3ff8a3290a6e918f4706b7b459a9dffa6fa62faecd237275e45f2289061044770078a36</varequal></conditionvar><setvar actoin="Set" varname="SCORE">100</setvar></respcondition></resprocessing></item><item ident="3a266add95ce33af54762e089dbf287f9e7280cc56d1243cbaad652a839272028c5eb34d6f1b93af" title="Question"><itemmetadata><qtimetadata><qtimetadatafield><fieldlabel>question_type</fieldlabel><fieldentry>multiple_choice_question</fieldentry></qtimetadatafield><qtimetadatafield><fieldlabel>points_possible</fieldlabel><fieldentry>1</fieldentry></qtimetadatafield><qtimetadatafield><fieldlabel>original_answer_ids</fieldlabel><fieldentry>56c4a4d7f86083672d3ba3dcf0ad23f5b6f777ec27f56fd97000eda3ff58eff6afdb8c4ffcf877a8,2f229ccf9a07c1d9757677696f2d36af9e6ecd063524d4bbcc0489baf20eecca3c38f802775daa4b,7796a980c00fdc1e24bf7753d9fc2a5d556fe678b14f90df44f213ab50da653078298096cf318fb2,c6874fcc5bc3c81de87865ebce4eef967a8636beff44ed852ff3e32c348f19fa0ee93df845651cbf</fieldentry></qtimetadatafield><qtimetadatafield><fieldlabel>assessment_question_identifierref</fieldlabel><fieldentry>40f20ee94305b2706b3910dc6abba0cd9787c862910a0701bbf7e3ffd6e560ce9ed2a6b14912d1e5</fieldentry></qtimetadatafield></qtimetadata></itemmetadata><presentation><material><mattext texttype="text/html">you have an HTML file in a subdirectory named "pages" and you want to link a stylesheet that is in the root directory, what would the href attribute be in the link tag?</mattext></material><response_lid ident="response1" rcardinality="Single"><render_choice><response_label ident="56c4a4d7f86083672d3ba3dcf0ad23f5b6f777ec27f56fd97000eda3ff58eff6afdb8c4ffcf877a8"><material><mattext texttype="text/html">&lt;link rel="stylesheet" href="../myStyle.css"&gt;</mattext></material></response_label><response_label ident="2f229ccf9a07c1d9757677696f2d36af9e6ecd063524d4bbcc0489baf20eecca3c38f802775daa4b"><material><mattext texttype="text/html">&lt;link rel="stylesheet" href="/myStyle.css"&gt;</mattext></material></response_label><response_label ident="7796a980c00fdc1e24bf7753d9fc2a5d556fe678b14f90df44f213ab50da653078298096cf318fb2"><material><mattext texttype="text/html">&lt;link rel="stylesheet" href="myStyle.css"&gt;</mattext></material></response_label><response_label ident="c6874fcc5bc3c81de87865ebce4eef967a8636beff44ed852ff3e32c348f19fa0ee93df845651cbf"><material><mattext texttype="text/html">&lt;link rel="stylesheet" href="styles/myStyle.css"&gt;</mattext></material></response_label></render_choice></response_lid></presentation><resprocessing><outcomes><decvar maxvalue="100" minvalue="0" varname="SCORE" vartype="Decimal"/></outcomes><respcondition continue="No"><conditionvar><varequal respident="response1">56c4a4d7f86083672d3ba3dcf0ad23f5b6f777ec27f56fd97000eda3ff58eff6afdb8c4ffcf877a8</varequal></conditionvar><setvar actoin="Set" varname="SCORE">100</setvar></respcondition></resprocessing></item><item ident="dfcb4b5e27e2b97d5477f0c7c7f3996d30e0258681883cb9ca9836402457d6c09b490258bfb6a714" title="Question"><itemmetadata><qtimetadata><qtimetadatafield><fieldlabel>question_type</fieldlabel><fieldentry>multiple_choice_question</fieldentry></qtimetadatafield><qtimetadatafield><fieldlabel>points_possible</fieldlabel><fieldentry>1</fieldentry></qtimetadatafield><qtimetadatafield><fieldlabel>original_answer_ids</fieldlabel><fieldentry>504d9425211de2541ba9f4d33569392b7fb0a3333c2961212e00ec1531359dfeafca453509bf21d9,d73e92056060bd527f3ba66ac299b73ece0be21086580093904c1760f9e052601bd43bd08a090a58,3f5c805d8ea186c1e010af0a545cd201a36dd11e7a54aa3fe9905d3be262d2d00204297286c2da88,a35c8999aa6c83a2f46e7e282cc067d8f67afc203b4d70a6ceb126f7b251590273d38f7fda9a7047</fieldentry></qtimetadatafield><qtimetadatafield><fieldlabel>assessment_question_identifierref</fieldlabel><fieldentry>80aeff7688a183bbe754858f7698f5217912ff6e4ff9bf7cc3395719064484a65cd67cce92217e08</fieldentry></qtimetadatafield></qtimetadata></itemmetadata><presentation><material><mattext texttype="text/html">your image file "logo.jpg" is in a directory above the current directory, how would you link this image in your HTML file?</mattext></material><response_lid ident="response1" rcardinality="Single"><render_choice><response_label ident="504d9425211de2541ba9f4d33569392b7fb0a3333c2961212e00ec1531359dfeafca453509bf21d9"><material><mattext texttype="text/html">&lt;img src="../logo.jpg"&gt;</mattext></material></response_label><response_label ident="d73e92056060bd527f3ba66ac299b73ece0be21086580093904c1760f9e052601bd43bd08a090a58"><material><mattext texttype="text/html">&lt;img src="/logo.jpg"&gt;</mattext></material></response_label><response_label ident="3f5c805d8ea186c1e010af0a545cd201a36dd11e7a54aa3fe9905d3be262d2d00204297286c2da88"><material><mattext texttype="text/html">&lt;img src="logo.jpg"&gt;</mattext></material></response_label><response_label ident="a35c8999aa6c83a2f46e7e282cc067d8f67afc203b4d70a6ceb126f7b251590273d38f7fda9a7047"><material><mattext texttype="text/html">&lt;img src="images/logo.jpg"&gt;</mattext></material></response_label></render_choice></response_lid></presentation><resprocessing><outcomes><decvar maxvalue="100" minvalue="0" varname="SCORE" vartype="Decimal"/></outcomes><respcondition continue="No"><conditionvar><varequal respident="response1">504d9425211de2541ba9f4d33569392b7fb0a3333c2961212e00ec1531359dfeafca453509bf21d9</varequal></conditionvar><setvar actoin="Set" varname="SCORE">100</setvar></respcondition></resprocessing></item><item ident="8da8f19cd12930af4895df839bc40e5ca2e8a07572f4ba0d3744531f6ad270bedd3cbbe91cc4c0cf" title="Question"><itemmetadata><qtimetadata><qtimetadatafield><fieldlabel>question_type</fieldlabel><fieldentry>multiple_choice_question</fieldentry></qtimetadatafield><qtimetadatafield><fieldlabel>points_possible</fieldlabel><fieldentry>1</fieldentry></qtimetadatafield><qtimetadatafield><fieldlabel>original_answer_ids</fieldlabel><fieldentry>ffc7921eefa7cce5bf0ed0c303727a01a33272aad34773e91550713ba70ebcce3c375ed621354c34,7129f2084c9be126179ae6d3caedb91cc212e64d81b55564b7ad603a5f1e6eb0126a2d1a6b170f11,d2c7ca2bb6a1a6a93dafd8e330b5fe6289556e2cb431fc66c52575ff24a0fc94de80b298a4ccb279,2591fb51320eecc37bccc0f54b7cb25d56233b150de5332e939a30584fc4e50b21650cea4cfe66c6</fieldentry></qtimetadatafield><qtimetadatafield><fieldlabel>assessment_question_identifierref</fieldlabel><fieldentry>d47cf2888cc6e8f1a954e9a5b96bdea4f872ab3d98693a0b486d199892d6ce8e68bcbc77fe264100</fieldentry></qtimetadatafield></qtimetadata></itemmetadata><presentation><material><mattext texttype="text/html">you have a subfolder named "styles" in your root directory and you want to link a CSS file named "main.css" in this folder from an HTML file in the root directory, what would the href attribute be in the link tag?</mattext></material><response_lid ident="response1" rcardinality="Single"><render_choice><response_label ident="ffc7921eefa7cce5bf0ed0c303727a01a33272aad34773e91550713ba70ebcce3c375ed621354c34"><material><mattext texttype="text/html">link rel="stylesheet" href="styles/main.css"</mattext></material></response_label><response_label ident="7129f2084c9be126179ae6d3caedb91cc212e64d81b55564b7ad603a5f1e6eb0126a2d1a6b170f11"><material><mattext texttype="text/html">link rel="stylesheet" href="/styles/main.css"</mattext></material></response_label><response_label ident="d2c7ca2bb6a1a6a93dafd8e330b5fe6289556e2cb431fc66c52575ff24a0fc94de80b298a4ccb279"><material><mattext texttype="text/html">link rel="stylesheet" href="main.css"</mattext></material></response_label><response_label ident="2591fb51320eecc37bccc0f54b7cb25d56233b150de5332e939a30584fc4e50b21650cea4cfe66c6"><material><mattext texttype="text/html">link rel="stylesheet" href="/main.css"</mattext></material></response_label></render_choice></response_lid></presentation><resprocessing><outcomes><decvar maxvalue="100" minvalue="0" varname="SCORE" vartype="Decimal"/></outcomes><respcondition continue="No"><conditionvar><varequal respident="response1">ffc7921eefa7cce5bf0ed0c303727a01a33272aad34773e91550713ba70ebcce3c375ed621354c34</varequal></conditionvar><setvar actoin="Set" varname="SCORE">100</setvar></respcondition></resprocessing></item><item ident="df0773aca16a3ade099bb9395c138a386c60d1250af45017e0e8f7cddd8b029c0c57f66c256296bf" title="Question"><itemmetadata><qtimetadata><qtimetadatafield><fieldlabel>question_type</fieldlabel><fieldentry>multiple_choice_question</fieldentry></qtimetadatafield><qtimetadatafield><fieldlabel>points_possible</fieldlabel><fieldentry>1</fieldentry></qtimetadatafield><qtimetadatafield><fieldlabel>original_answer_ids</fieldlabel><fieldentry>ff3a2ec774a2b74059e57007379fc8df84ee2c0c5dddd5c9c92cc4d93efd4f3a458ec039212ccaf4,43dc2d7a352b5b8da90e906a47cc1567909b4d4c08ff0a9271267b5f00378d4c95e7ba969fa91497,72edf5a3cab58705cdb46ac0b4a38851872590c9311dbd75d9e05d0a44dcd97b4e18cc9648caa3a6,c261dc0910bc94c17b0c7b034acaee8fe094664ec734e1bfa038b40e746e8a4d42e1cc0a1389da36</fieldentry></qtimetadatafield><qtimetadatafield><fieldlabel>assessment_question_identifierref</fieldlabel><fieldentry>881e2dfa2f1889614f797e190d94b7d6842dca847499bfb034b061254bf16cd6b3d7955b3b5cf12f</fieldentry></qtimetadatafield></qtimetadata></itemmetadata><presentation><material><mattext texttype="text/html">you have a subfolder named "pages" and you want to link to a page named "contact.html" in this folder from another HTML page in the same subfolder, what would the href attribute be?</mattext></material><response_lid ident="response1" rcardinality="Single"><render_choice><response_label ident="ff3a2ec774a2b74059e57007379fc8df84ee2c0c5dddd5c9c92cc4d93efd4f3a458ec039212ccaf4"><material><mattext texttype="text/html">a href="contact.html"</mattext></material></response_label><response_label ident="43dc2d7a352b5b8da90e906a47cc1567909b4d4c08ff0a9271267b5f00378d4c95e7ba969fa91497"><material><mattext texttype="text/html">a href="/contact.html"</mattext></material></response_label><response_label ident="72edf5a3cab58705cdb46ac0b4a38851872590c9311dbd75d9e05d0a44dcd97b4e18cc9648caa3a6"><material><mattext texttype="text/html">a href="pages/contact.html"</mattext></material></response_label><response_label ident="c261dc0910bc94c17b0c7b034acaee8fe094664ec734e1bfa038b40e746e8a4d42e1cc0a1389da36"><material><mattext texttype="text/html">a href="/pages/contact.html"</mattext></material></response_label></render_choice></response_lid></presentation><resprocessing><outcomes><decvar maxvalue="100" minvalue="0" varname="SCORE" vartype="Decimal"/></outcomes><respcondition continue="No"><conditionvar><varequal respident="response1">ff3a2ec774a2b74059e57007379fc8df84ee2c0c5dddd5c9c92cc4d93efd4f3a458ec039212ccaf4</varequal></conditionvar><setvar actoin="Set" varname="SCORE">100</setvar></respcondition></resprocessing></item><item ident="dff8d3e1ed35203d240eba47826e334fe3122ffeef7669ad24af4112f21bf57f6a165ae3f426b9e1" title="Question"><itemmetadata><qtimetadata><qtimetadatafield><fieldlabel>question_type</fieldlabel><fieldentry>multiple_choice_question</fieldentry></qtimetadatafield><qtimetadatafield><fieldlabel>points_possible</fieldlabel><fieldentry>1</fieldentry></qtimetadatafield><qtimetadatafield><fieldlabel>original_answer_ids</fieldlabel><fieldentry>0c46bd0c1dac8c4c89b7412f299359dae5c9ab19790b3c9728029fa9288a33ea7c71aaa26ac3dca6,f2f3035a3e0c11f4d3927f113e19f80de80d9ef9bce9d0632cfebf716b4dd8b8d1a1f7137ace916e,521b7c549d0da075508087905d41769717821a01a375417c55bd3e19b26c312b42d04ced8d41f0a4,ee6acb19663eeb7c8a8dc6cf0d6116f9deeaf287aa4a446ab2402741d180c1e66251771845ef1e66</fieldentry></qtimetadatafield><qtimetadatafield><fieldlabel>assessment_question_identifierref</fieldlabel><fieldentry>2fce3aa2975c833f001ddf89d6fbb76358e7d08744715c88d590313c5793123228b393d497871497</fieldentry></qtimetadatafield></qtimetadata></itemmetadata><presentation><material><mattext texttype="text/html">your image file "photo.jpg" is in the root directory, how would you link this image in your HTML file in a subfolder named "pages"?</mattext></material><response_lid ident="response1" rcardinality="Single"><render_choice><response_label ident="0c46bd0c1dac8c4c89b7412f299359dae5c9ab19790b3c9728029fa9288a33ea7c71aaa26ac3dca6"><material><mattext texttype="text/html">img src="../photo.jpg"</mattext></material></response_label><response_label ident="f2f3035a3e0c11f4d3927f113e19f80de80d9ef9bce9d0632cfebf716b4dd8b8d1a1f7137ace916e"><material><mattext texttype="text/html">img src="/photo.jpg"</mattext></material></response_label><response_label ident="521b7c549d0da075508087905d41769717821a01a375417c55bd3e19b26c312b42d04ced8d41f0a4"><material><mattext texttype="text/html">img src="photo.jpg"</mattext></material></response_label><response_label ident="ee6acb19663eeb7c8a8dc6cf0d6116f9deeaf287aa4a446ab2402741d180c1e66251771845ef1e66"><material><mattext texttype="text/html">img src="images/photo.jpg"</mattext></material></response_label></render_choice></response_lid></presentation><resprocessing><outcomes><decvar maxvalue="100" minvalue="0" varname="SCORE" vartype="Decimal"/></outcomes><respcondition continue="No"><conditionvar><varequal respident="response1">0c46bd0c1dac8c4c89b7412f299359dae5c9ab19790b3c9728029fa9288a33ea7c71aaa26ac3dca6</varequal></conditionvar><setvar actoin="Set" varname="SCORE">100</setvar></respcondition></resprocessing></item><item ident="ab36cdaa817aead43cacb4e118908f5478d0a32db9f9b5a07d3cd9798543587f267c572bcba8cb28" title="Question"><itemmetadata><qtimetadata><qtimetadatafield><fieldlabel>question_type</fieldlabel><fieldentry>multiple_choice_question</fieldentry></qtimetadatafield><qtimetadatafield><fieldlabel>points_possible</fieldlabel><fieldentry>1</fieldentry></qtimetadatafield><qtimetadatafield><fieldlabel>original_answer_ids</fieldlabel><fieldentry>62a5dcb07f569db2e3a842a01ee78410ad6373a4b055e2577af656cf1484a90e9ba642a3af745197,e9b1fa8c899b24e85e4545bb8f3463d5a5a4e88665be5d0cd08f18f0077e57055d8524d593027080,9bcfa9e7bc9f8717edbc4aa1ca3c6540411d9f16c834315bb3b2d6ad4ed22b35879ea69a833d78aa,f02086584c9e2f1d943ef6ee1d3a787dc4f8e8ebeaf313eaf4a013cd75452cb964f9635c106867c5</fieldentry></qtimetadatafield><qtimetadatafield><fieldlabel>assessment_question_identifierref</fieldlabel><fieldentry>3e78be27c08471c7d0755e097d06845c8b49773ea90c702d1bccddd3433f87d8f5a3e196e8323c2e</fieldentry></qtimetadatafield></qtimetadata></itemmetadata><presentation><material><mattext texttype="text/html">your HTML file is in a subfolder named "pages", and you want to link to another HTML file in the same subfolder, what would the href attribute be in the anchor tag?</mattext></material><response_lid ident="response1" rcardinality="Single"><render_choice><response_label ident="62a5dcb07f569db2e3a842a01ee78410ad6373a4b055e2577af656cf1484a90e9ba642a3af745197"><material><mattext texttype="text/html">a href="target.html"</mattext></material></response_label><response_label ident="e9b1fa8c899b24e85e4545bb8f3463d5a5a4e88665be5d0cd08f18f0077e57055d8524d593027080"><material><mattext texttype="text/html">a href="/target.html"</mattext></material></response_label><response_label ident="9bcfa9e7bc9f8717edbc4aa1ca3c6540411d9f16c834315bb3b2d6ad4ed22b35879ea69a833d78aa"><material><mattext texttype="text/html">a href="pages/target.html"</mattext></material></response_label><response_label ident="f02086584c9e2f1d943ef6ee1d3a787dc4f8e8ebeaf313eaf4a013cd75452cb964f9635c106867c5"><material><mattext texttype="text/html">a href="/pages/target.html"</mattext></material></response_label></render_choice></response_lid></presentation><resprocessing><outcomes><decvar maxvalue="100" minvalue="0" varname="SCORE" vartype="Decimal"/></outcomes><respcondition continue="No"><conditionvar><varequal respident="response1">62a5dcb07f569db2e3a842a01ee78410ad6373a4b055e2577af656cf1484a90e9ba642a3af745197</varequal></conditionvar><setvar actoin="Set" varname="SCORE">100</setvar></respcondition></resprocessing></item></section></assessment></questestinterop>
