<?xml version="1.0" encoding="UTF-8"?>
<questestinterop xmlns="http://www.imsglobal.org/xsd/ims_qtiasiv1p2" xmlns:xsi="http://www.w3.org/2001/XMLSchema-instance" xsi:schemaLocation="http://www.imsglobal.org/xsd/ims_qtiasiv1p2 http://www.imsglobal.org/xsd/ims_qtiasiv1p2p1.xsd"><assessment ident="497e5c4dafdf4bd1367847919d382187801a807ce88771ed4fe840cc9d62fa1ba15259159af6e6ee" title="images"><qtimetadata><qtimetadatafield><fieldlabel>cc_maxattempts</fieldlabel><fieldentry>1</fieldentry></qtimetadatafield></qtimetadata><section ident="root_section"><item ident="d19644451e0609010389f90e4e77c064574875d790c394ef0a8ff5e68f94a40163f1e71bdb8127a5" title="Question"><itemmetadata><qtimetadata><qtimetadatafield><fieldlabel>question_type</fieldlabel><fieldentry>short_answer_question</fieldentry></qtimetadatafield><qtimetadatafield><fieldlabel>points_possible</fieldlabel><fieldentry>1</fieldentry></qtimetadatafield><qtimetadatafield><fieldlabel>original_answer_ids</fieldlabel><fieldentry>131d499dab7d7dce3302eb44fb7ce09c6acae6b08737675b8cd72404f006aac02b513274db428ec2</fieldentry></qtimetadatafield><qtimetadatafield><fieldlabel>assessment_question_identifierref</fieldlabel><fieldentry>5742d924452a83eeb5b0651adcce7109730c203cc861d56c832a39f6c769ac480dffdedd4920448e</fieldentry></qtimetadatafield></qtimetadata></itemmetadata><presentation><material><mattext texttype="text/html">What is the HTML tag used to embed an image in a webpage?</mattext></material><response_str ident="response1" rcardinality="Single"><render_fib><response_label ident="answer1" rshuffle="No"/></render_fib></response_str></presentation><resprocessing><outcomes><decvar maxvalue="100" minvalue="0" varname="SCORE" vartype="Decimal"/></outcomes><respcondition continue="No"><conditionvar><varequal respident="response1">img</varequal></conditionvar><setvar actoin="Set" varname="SCORE">100</setvar></respcondition></resprocessing></item><item ident="a5a8b791a272da841524a091e4af60911768e090da2e7eee3b34aa079bee5dedee138a3b83abbbfe" title="Question"><itemmetadata><qtimetadata><qtimetadatafield><fieldlabel>question_type</fieldlabel><fieldentry>short_answer_question</fieldentry></qtimetadatafield><qtimetadatafield><fieldlabel>points_possible</fieldlabel><fieldentry>1</fieldentry></qtimetadatafield><qtimetadatafield><fieldlabel>original_answer_ids</fieldlabel><fieldentry>4157aab10e871bb76b26a14244d4337d99fc8d29de1003c05d49e389cade1023841838143713ad71</fieldentry></qtimetadatafield><qtimetadatafield><fieldlabel>assessment_question_identifierref</fieldlabel><fieldentry>941dc22bf8d84b6bb469631c43598b615bc4452af38361d8303999f6ed28cfb851b0d88220136e31</fieldentry></qtimetadatafield></qtimetadata></itemmetadata><presentation><material><mattext texttype="text/html">Which attribute in the img tag defines the source file of the image?</mattext></material><response_str ident="response1" rcardinality="Single"><render_fib><response_label ident="answer1" rshuffle="No"/></render_fib></response_str></presentation><resprocessing><outcomes><decvar maxvalue="100" minvalue="0" varname="SCORE" vartype="Decimal"/></outcomes><respcondition continue="No"><conditionvar><varequal respident="response1">src</varequal></conditionvar><setvar actoin="Set" varname="SCORE">100</setvar></respcondition></resprocessing></item><item ident="0011535331fa737363c5b75287e3e4fc4837278d6c011a354469682ee452529513f9a2fec835aacf" title="Question"><itemmetadata><qtimetadata><qtimetadatafield><fieldlabel>question_type</fieldlabel><fieldentry>short_answer_question</fieldentry></qtimetadatafield><qtimetadatafield><fieldlabel>points_possible</fieldlabel><fieldentry>1</fieldentry></qtimetadatafield><qtimetadatafield><fieldlabel>original_answer_ids</fieldlabel><fieldentry>c6a31df4f1712456671cd9e6801d8a040a0deda60a64ab88fe2a3b48005d4c333ff302ac21f72314</fieldentry></qtimetadatafield><qtimetadatafield><fieldlabel>assessment_question_identifierref</fieldlabel><fieldentry>f51f065d3cc7c33ba39e54b3a3925fecd8a80940330249a851b7a905a291655f160a61e4791ba238</fieldentry></qtimetadatafield></qtimetadata></itemmetadata><presentation><material><mattext texttype="text/html">How would you set a background image in CSS for an HTML element?</mattext></material><response_str ident="response1" rcardinality="Single"><render_fib><response_label ident="answer1" rshuffle="No"/></render_fib></response_str></presentation><resprocessing><outcomes><decvar maxvalue="100" minvalue="0" varname="SCORE" vartype="Decimal"/></outcomes><respcondition continue="No"><conditionvar><varequal respident="response1">background-image: url('image.jpg');</varequal></conditionvar><setvar actoin="Set" varname="SCORE">100</setvar></respcondition></resprocessing></item><item ident="76183e7f7b41fdfabefb120e3045165b1ebc68b6472f6bcaed6a01f51d24d7278bab6a02cb721064" title="Question"><itemmetadata><qtimetadata><qtimetadatafield><fieldlabel>question_type</fieldlabel><fieldentry>short_answer_question</fieldentry></qtimetadatafield><qtimetadatafield><fieldlabel>points_possible</fieldlabel><fieldentry>1</fieldentry></qtimetadatafield><qtimetadatafield><fieldlabel>original_answer_ids</fieldlabel><fieldentry>faf094ab6e93e87e7845ad94fa47ae16c7580ab1fc4a5d45f73fb9a8746ea6cfd1f91b710cc85ef0</fieldentry></qtimetadatafield><qtimetadatafield><fieldlabel>assessment_question_identifierref</fieldlabel><fieldentry>663b5c23326f6c2659348f291ccb6f195adb9feb4cad8ce7604d35ee43623ffd5a3cb43e7d21a23f</fieldentry></qtimetadatafield></qtimetadata></itemmetadata><presentation><material><mattext texttype="text/html">What HTML tag is used to define multiple source files for an image, to provide the best possible image based on the user's device?</mattext></material><response_str ident="response1" rcardinality="Single"><render_fib><response_label ident="answer1" rshuffle="No"/></render_fib></response_str></presentation><resprocessing><outcomes><decvar maxvalue="100" minvalue="0" varname="SCORE" vartype="Decimal"/></outcomes><respcondition continue="No"><conditionvar><varequal respident="response1">picture</varequal></conditionvar><setvar actoin="Set" varname="SCORE">100</setvar></respcondition></resprocessing></item><item ident="0170a748f98891246704831ec64f3086680809b6f5ac5c21a9824b6945de4de33f64456277a1aeee" title="Question"><itemmetadata><qtimetadata><qtimetadatafield><fieldlabel>question_type</fieldlabel><fieldentry>short_answer_question</fieldentry></qtimetadatafield><qtimetadatafield><fieldlabel>points_possible</fieldlabel><fieldentry>1</fieldentry></qtimetadatafield><qtimetadatafield><fieldlabel>original_answer_ids</fieldlabel><fieldentry>763ebaa0aef2fcce02b37badc114e96946098771a1abb34d2797accd955cece14c6505c982635890</fieldentry></qtimetadatafield><qtimetadatafield><fieldlabel>assessment_question_identifierref</fieldlabel><fieldentry>71d075e360fc02ee55383ea6f770fb204ae981aee626d828afe7912121d591d9be7d96224ea4d89c</fieldentry></qtimetadatafield></qtimetadata></itemmetadata><presentation><material><mattext texttype="text/html">If you want to provide a caption for an image, what tag should be used along with the &lt;img&gt; tag?</mattext></material><response_str ident="response1" rcardinality="Single"><render_fib><response_label ident="answer1" rshuffle="No"/></render_fib></response_str></presentation><resprocessing><outcomes><decvar maxvalue="100" minvalue="0" varname="SCORE" vartype="Decimal"/></outcomes><respcondition continue="No"><conditionvar><varequal respident="response1">figure</varequal></conditionvar><setvar actoin="Set" varname="SCORE">100</setvar></respcondition></resprocessing></item><item ident="6c442ede9dfc22f0b7520a36f69d3460ca506eb3993136f52268eab097854a498fbd047f13aa13b9" title="Question"><itemmetadata><qtimetadata><qtimetadatafield><fieldlabel>question_type</fieldlabel><fieldentry>multiple_choice_question</fieldentry></qtimetadatafield><qtimetadatafield><fieldlabel>points_possible</fieldlabel><fieldentry>1</fieldentry></qtimetadatafield><qtimetadatafield><fieldlabel>original_answer_ids</fieldlabel><fieldentry>ce728f94e982e8bd137cd37b3616245d5845185e0d42631b4b2e382eb7926b81169648a7069bb93f,5fb7a171e5fde77a3260a55a67efc4171e55075aefc1e18edd9f1ac5aa5ce73c335f89caa14be16d,9f9d4eef76b8035f4a5874d609a531fca97210706636c87e886f8c53bd6b8e1d2d87b2bfd863d71f,82d95a23491cc3095bdef692c74b1694762b5b82d2e234db5a4cb66d8371069a6c158177a7539589</fieldentry></qtimetadatafield><qtimetadatafield><fieldlabel>assessment_question_identifierref</fieldlabel><fieldentry>9a0c7fe904af34fd70758e9cb63d0660b4a7ce0d76ab3e1aa6dc65cdae77e749a74aa91d6ec70ef0</fieldentry></qtimetadatafield></qtimetadata></itemmetadata><presentation><material><mattext texttype="text/html">Which HTML attribute can be used in the &lt;img&gt; tag to provide a text description of the image, for accessibility purposes?</mattext></material><response_lid ident="response1" rcardinality="Single"><render_choice><response_label ident="ce728f94e982e8bd137cd37b3616245d5845185e0d42631b4b2e382eb7926b81169648a7069bb93f"><material><mattext texttype="text/html">title</mattext></material></response_label><response_label ident="5fb7a171e5fde77a3260a55a67efc4171e55075aefc1e18edd9f1ac5aa5ce73c335f89caa14be16d"><material><mattext texttype="text/html">description</mattext></material></response_label><response_label ident="9f9d4eef76b8035f4a5874d609a531fca97210706636c87e886f8c53bd6b8e1d2d87b2bfd863d71f"><material><mattext texttype="text/html">alt</mattext></material></response_label><response_label ident="82d95a23491cc3095bdef692c74b1694762b5b82d2e234db5a4cb66d8371069a6c158177a7539589"><material><mattext texttype="text/html">caption</mattext></material></response_label></render_choice></response_lid></presentation><resprocessing><outcomes><decvar maxvalue="100" minvalue="0" varname="SCORE" vartype="Decimal"/></outcomes><respcondition continue="No"><conditionvar><varequal respident="response1">9f9d4eef76b8035f4a5874d609a531fca97210706636c87e886f8c53bd6b8e1d2d87b2bfd863d71f</varequal></conditionvar><setvar actoin="Set" varname="SCORE">100</setvar></respcondition></resprocessing></item><item ident="c0e10c95b050bee299c5b6bd325fde8e063681373651075aecb56323770caf5addfe9d5b972b908a" title="Question"><itemmetadata><qtimetadata><qtimetadatafield><fieldlabel>question_type</fieldlabel><fieldentry>multiple_choice_question</fieldentry></qtimetadatafield><qtimetadatafield><fieldlabel>points_possible</fieldlabel><fieldentry>1</fieldentry></qtimetadatafield><qtimetadatafield><fieldlabel>original_answer_ids</fieldlabel><fieldentry>1b0051c20407ffebd804ff1037517c7f3a02bc91ff0e03d1cd3d7b8fbd35f34477aa3d74da4f6533,b06d47acf77049ef82aed7332a7918868ca83114fa8f567cd9978e26252cea3726c9e6168a7a99a8,6a5beb0d2f345da0b2a41a31846468856f814133f1f26cc7f4472f94cd171d7699f1e31fce335bef,8222cfc14d5fa7ffc056150a11497381d122f6a1c1002933239526c6801e757de82399ce14ccff31</fieldentry></qtimetadatafield><qtimetadatafield><fieldlabel>assessment_question_identifierref</fieldlabel><fieldentry>e6fce47903d2f627b4c9358e753b66a8263e0840fccda15fac632b15a050aea29e6058aba1fbbd33</fieldentry></qtimetadatafield></qtimetadata></itemmetadata><presentation><material><mattext texttype="text/html">How can you use CSS to align an image to the center of its container?</mattext></material><response_lid ident="response1" rcardinality="Single"><render_choice><response_label ident="1b0051c20407ffebd804ff1037517c7f3a02bc91ff0e03d1cd3d7b8fbd35f34477aa3d74da4f6533"><material><mattext texttype="text/html">text-align: center;</mattext></material></response_label><response_label ident="b06d47acf77049ef82aed7332a7918868ca83114fa8f567cd9978e26252cea3726c9e6168a7a99a8"><material><mattext texttype="text/html">image-align: center;</mattext></material></response_label><response_label ident="6a5beb0d2f345da0b2a41a31846468856f814133f1f26cc7f4472f94cd171d7699f1e31fce335bef"><material><mattext texttype="text/html">Both a and b are correct</mattext></material></response_label><response_label ident="8222cfc14d5fa7ffc056150a11497381d122f6a1c1002933239526c6801e757de82399ce14ccff31"><material><mattext texttype="text/html">None of the above</mattext></material></response_label></render_choice></response_lid></presentation><resprocessing><outcomes><decvar maxvalue="100" minvalue="0" varname="SCORE" vartype="Decimal"/></outcomes><respcondition continue="No"><conditionvar><varequal respident="response1">6a5beb0d2f345da0b2a41a31846468856f814133f1f26cc7f4472f94cd171d7699f1e31fce335bef</varequal></conditionvar><setvar actoin="Set" varname="SCORE">100</setvar></respcondition></resprocessing></item><item ident="bae8a3ca5f7bd730073cd43366c9673458eeb8a26995cf1530bd2c2f068e4993b1937bda334062eb" title="Question"><itemmetadata><qtimetadata><qtimetadatafield><fieldlabel>question_type</fieldlabel><fieldentry>short_answer_question</fieldentry></qtimetadatafield><qtimetadatafield><fieldlabel>points_possible</fieldlabel><fieldentry>1</fieldentry></qtimetadatafield><qtimetadatafield><fieldlabel>original_answer_ids</fieldlabel><fieldentry>58cc6d0295076f989d123ec8666c28a41feceec524d725f7eb177f91338d25a4cccb0f4579abd966</fieldentry></qtimetadatafield><qtimetadatafield><fieldlabel>assessment_question_identifierref</fieldlabel><fieldentry>90326f8aa7042bcc679060e2fe1cd420589b457be6ffe8a0f4c15afe61fcd4dec3ef037820a203b5</fieldentry></qtimetadatafield></qtimetadata></itemmetadata><presentation><material><mattext texttype="text/html">What HTML element is used to define clickable areas on an image, allowing different parts of the image to link to different destinations?</mattext></material><response_str ident="response1" rcardinality="Single"><render_fib><response_label ident="answer1" rshuffle="No"/></render_fib></response_str></presentation><resprocessing><outcomes><decvar maxvalue="100" minvalue="0" varname="SCORE" vartype="Decimal"/></outcomes><respcondition continue="No"><conditionvar><varequal respident="response1">map</varequal></conditionvar><setvar actoin="Set" varname="SCORE">100</setvar></respcondition></resprocessing></item><item ident="5943431d86fff9cbfed232f2f647e1ed6764a2c44cfc6174a6db83bca295d981754de0d131e957f2" title="Question"><itemmetadata><qtimetadata><qtimetadatafield><fieldlabel>question_type</fieldlabel><fieldentry>short_answer_question</fieldentry></qtimetadatafield><qtimetadatafield><fieldlabel>points_possible</fieldlabel><fieldentry>1</fieldentry></qtimetadatafield><qtimetadatafield><fieldlabel>original_answer_ids</fieldlabel><fieldentry>750e0ea3caa1b89b05ce4d05e73bbe68d0c7164594ba6db8884efc5aee1092de4f3fd3c7b3b81375</fieldentry></qtimetadatafield><qtimetadatafield><fieldlabel>assessment_question_identifierref</fieldlabel><fieldentry>d74e31f08d1269bd723e85bec2f4e95a0895f0cc425ad733d149a7f3c4bb46e8ab9180d323e0c6d6</fieldentry></qtimetadatafield></qtimetadata></itemmetadata><presentation><material><mattext texttype="text/html">If you want to create a responsive image that scales with the size of the viewport, what value would you set for the 'width' property in CSS?</mattext></material><response_str ident="response1" rcardinality="Single"><render_fib><response_label ident="answer1" rshuffle="No"/></render_fib></response_str></presentation><resprocessing><outcomes><decvar maxvalue="100" minvalue="0" varname="SCORE" vartype="Decimal"/></outcomes><respcondition continue="No"><conditionvar><varequal respident="response1">100%</varequal></conditionvar><setvar actoin="Set" varname="SCORE">100</setvar></respcondition></resprocessing></item><item ident="1b2037561296140c6c26afc0f48992224b7a516992bdfe9e42a16a64ebe3e3d1e24dc2f5576029c2" title="Question"><itemmetadata><qtimetadata><qtimetadatafield><fieldlabel>question_type</fieldlabel><fieldentry>multiple_choice_question</fieldentry></qtimetadatafield><qtimetadatafield><fieldlabel>points_possible</fieldlabel><fieldentry>1</fieldentry></qtimetadatafield><qtimetadatafield><fieldlabel>original_answer_ids</fieldlabel><fieldentry>2f8cd6cdaa62b8ac2787044aef1a3161b966a72e8000f1acce851bc06b99bdc1bd67a28a662395c3,d2fdb65f4a625abff60c421973b840a7ab03c90c8db8fef8f2c7b3daa717a26c3d0a0f3acc585504,7b5c01b3fec80cad41e5e1c5b4abd6adb6e4fd63588a71c86b282b70f91f78af864717662f7b5438,03b94f35e4bf19561d25ad0deb4a8b1972bfde7b8feb064557ae136b94218215245e02d75e7fd2d2</fieldentry></qtimetadatafield><qtimetadatafield><fieldlabel>assessment_question_identifierref</fieldlabel><fieldentry>300aa509bae11fd81ebf07c2530ef1c5bc0586d7412bf59baccc11acccb3b3b12c61797dfa84a9fb</fieldentry></qtimetadatafield></qtimetadata></itemmetadata><presentation><material><mattext texttype="text/html">Which of the following CSS properties would you use to add space between an image and its surrounding content?</mattext></material><response_lid ident="response1" rcardinality="Single"><render_choice><response_label ident="2f8cd6cdaa62b8ac2787044aef1a3161b966a72e8000f1acce851bc06b99bdc1bd67a28a662395c3"><material><mattext texttype="text/html">margin</mattext></material></response_label><response_label ident="d2fdb65f4a625abff60c421973b840a7ab03c90c8db8fef8f2c7b3daa717a26c3d0a0f3acc585504"><material><mattext texttype="text/html">padding</mattext></material></response_label><response_label ident="7b5c01b3fec80cad41e5e1c5b4abd6adb6e4fd63588a71c86b282b70f91f78af864717662f7b5438"><material><mattext texttype="text/html">border</mattext></material></response_label><response_label ident="03b94f35e4bf19561d25ad0deb4a8b1972bfde7b8feb064557ae136b94218215245e02d75e7fd2d2"><material><mattext texttype="text/html">All of the above</mattext></material></response_label></render_choice></response_lid></presentation><resprocessing><outcomes><decvar maxvalue="100" minvalue="0" varname="SCORE" vartype="Decimal"/></outcomes><respcondition continue="No"><conditionvar><varequal respident="response1">03b94f35e4bf19561d25ad0deb4a8b1972bfde7b8feb064557ae136b94218215245e02d75e7fd2d2</varequal></conditionvar><setvar actoin="Set" varname="SCORE">100</setvar></respcondition></resprocessing></item></section></assessment></questestinterop>
