<?xml version="1.0" encoding="UTF-8"?>
<questestinterop xmlns="http://www.imsglobal.org/xsd/ims_qtiasiv1p2" xmlns:xsi="http://www.w3.org/2001/XMLSchema-instance" xsi:schemaLocation="http://www.imsglobal.org/xsd/ims_qtiasiv1p2 http://www.imsglobal.org/xsd/ims_qtiasiv1p2p1.xsd"><assessment ident="92fdbe68b4b3b92513a15e80b885d1cf45f55f91fc8230247eed2a4c397e2e4407899f9b83276939" title="Text formatting"><qtimetadata><qtimetadatafield><fieldlabel>cc_maxattempts</fieldlabel><fieldentry>1</fieldentry></qtimetadatafield></qtimetadata><section ident="root_section"><item ident="a75c5a0e40c71b4c40ebc2491859d6e38c616a205d7ce39ab93b4daa9d390ec57df374d629a99db9" title="Question"><itemmetadata><qtimetadata><qtimetadatafield><fieldlabel>question_type</fieldlabel><fieldentry>multiple_choice_question</fieldentry></qtimetadatafield><qtimetadatafield><fieldlabel>points_possible</fieldlabel><fieldentry>1</fieldentry></qtimetadatafield><qtimetadatafield><fieldlabel>original_answer_ids</fieldlabel><fieldentry>8656c505fb3b1eb031b784cf9747a215233f0886ac55d6088adc08590ab5e7b9f06d3c9a7a0b2b12,4ad64eeb2815b3ed40af16c9b05e66796dc4b7f2f2f467f8bade69a9b205df1de45e93d0b0f73a42,e7b8405512d459519ebf120404779af8e788abfece82e1642c81f53eae9e8444fc75f34e4e4fc913,873552617a88176cbba754ca5111a05802cc0ebcb29927d255929ca42f2b70fc4d4d642e5a0c5411</fieldentry></qtimetadatafield><qtimetadatafield><fieldlabel>assessment_question_identifierref</fieldlabel><fieldentry>00429a10984cb20312574a571243935d983065d152d8c59c859299035adfc795dd859a37f4552c5a</fieldentry></qtimetadatafield></qtimetadata></itemmetadata><presentation><material><mattext texttype="text/html">What attribute is used in HTML to directly add styles such as color, font, size, and more to an element?</mattext></material><response_lid ident="response1" rcardinality="Single"><render_choice><response_label ident="8656c505fb3b1eb031b784cf9747a215233f0886ac55d6088adc08590ab5e7b9f06d3c9a7a0b2b12"><material><mattext texttype="text/html">class</mattext></material></response_label><response_label ident="4ad64eeb2815b3ed40af16c9b05e66796dc4b7f2f2f467f8bade69a9b205df1de45e93d0b0f73a42"><material><mattext texttype="text/html">id</mattext></material></response_label><response_label ident="e7b8405512d459519ebf120404779af8e788abfece82e1642c81f53eae9e8444fc75f34e4e4fc913"><material><mattext texttype="text/html">style</mattext></material></response_label><response_label ident="873552617a88176cbba754ca5111a05802cc0ebcb29927d255929ca42f2b70fc4d4d642e5a0c5411"><material><mattext texttype="text/html">font</mattext></material></response_label></render_choice></response_lid></presentation><resprocessing><outcomes><decvar maxvalue="100" minvalue="0" varname="SCORE" vartype="Decimal"/></outcomes><respcondition continue="No"><conditionvar><varequal respident="response1">e7b8405512d459519ebf120404779af8e788abfece82e1642c81f53eae9e8444fc75f34e4e4fc913</varequal></conditionvar><setvar actoin="Set" varname="SCORE">100</setvar></respcondition></resprocessing></item><item ident="f01b1e6cb824f9aeb7859392ff4966a17ff91f368ea295d513b086b4b16ccf01305fa58b2f56a22d" title="Question"><itemmetadata><qtimetadata><qtimetadatafield><fieldlabel>question_type</fieldlabel><fieldentry>multiple_choice_question</fieldentry></qtimetadatafield><qtimetadatafield><fieldlabel>points_possible</fieldlabel><fieldentry>1</fieldentry></qtimetadatafield><qtimetadatafield><fieldlabel>original_answer_ids</fieldlabel><fieldentry>57518e793f8f8e379cc1f28c7cb36c93fda402153af4289d94fcced8b432cab9030e1e96cf3af503,3493919303a2eeadb173f0d08a0c1e5118ef5b183df9a5269ba4e44b8e4cbf105cfe8ae186bd045b,a1b298fc190af9de5222221d25cdb86c4c20c7c3c6d2b604143ca03dde0b96d953f59b0b30b67708,b552e327c5c39e7a8d2649e3858d0185d64be39a75c79eab1c5649376c6c483d40d8e7a3cb4fa21a</fieldentry></qtimetadatafield><qtimetadatafield><fieldlabel>assessment_question_identifierref</fieldlabel><fieldentry>077598312572d6c09bcc9a3c85d15b047c78a0063691b70312042c617e6c07962685cbfb2f5ff940</fieldentry></qtimetadatafield></qtimetadata></itemmetadata><presentation><material><mattext texttype="text/html">How do you set the text color to blue for an HTML element?</mattext></material><response_lid ident="response1" rcardinality="Single"><render_choice><response_label ident="57518e793f8f8e379cc1f28c7cb36c93fda402153af4289d94fcced8b432cab9030e1e96cf3af503"><material><mattext texttype="text/html">style="text:blue;"</mattext></material></response_label><response_label ident="3493919303a2eeadb173f0d08a0c1e5118ef5b183df9a5269ba4e44b8e4cbf105cfe8ae186bd045b"><material><mattext texttype="text/html">style="color:blue;"</mattext></material></response_label><response_label ident="a1b298fc190af9de5222221d25cdb86c4c20c7c3c6d2b604143ca03dde0b96d953f59b0b30b67708"><material><mattext texttype="text/html">style="text-color:blue;"</mattext></material></response_label><response_label ident="b552e327c5c39e7a8d2649e3858d0185d64be39a75c79eab1c5649376c6c483d40d8e7a3cb4fa21a"><material><mattext texttype="text/html">style="font-color:blue;"</mattext></material></response_label></render_choice></response_lid></presentation><resprocessing><outcomes><decvar maxvalue="100" minvalue="0" varname="SCORE" vartype="Decimal"/></outcomes><respcondition continue="No"><conditionvar><varequal respident="response1">a1b298fc190af9de5222221d25cdb86c4c20c7c3c6d2b604143ca03dde0b96d953f59b0b30b67708</varequal></conditionvar><setvar actoin="Set" varname="SCORE">100</setvar></respcondition></resprocessing></item><item ident="d736844d70faad8083669a29e63c7fedfdb56bb1ce4d3f52f4a415832f74cfe8a7a2e4f4a4e12bfa" title="Question"><itemmetadata><qtimetadata><qtimetadatafield><fieldlabel>question_type</fieldlabel><fieldentry>short_answer_question</fieldentry></qtimetadatafield><qtimetadatafield><fieldlabel>points_possible</fieldlabel><fieldentry>1</fieldentry></qtimetadatafield><qtimetadatafield><fieldlabel>original_answer_ids</fieldlabel><fieldentry>a310645badd1923dd8f95003b5120ed02b3b1daa46bac8cd698b10ea0a196422e655d0a068dc5b50</fieldentry></qtimetadatafield><qtimetadatafield><fieldlabel>assessment_question_identifierref</fieldlabel><fieldentry>c7c1393fd5d78674d1af3737e674d221aead49588e467aa073d7400871704d94b08bbdd55654aef8</fieldentry></qtimetadatafield></qtimetadata></itemmetadata><presentation><material><mattext texttype="text/html">What CSS property is used to define the background color for an HTML element?</mattext></material><response_str ident="response1" rcardinality="Single"><render_fib><response_label ident="answer1" rshuffle="No"/></render_fib></response_str></presentation><resprocessing><outcomes><decvar maxvalue="100" minvalue="0" varname="SCORE" vartype="Decimal"/></outcomes><respcondition continue="No"><conditionvar><varequal respident="response1">background-color</varequal></conditionvar><setvar actoin="Set" varname="SCORE">100</setvar></respcondition></resprocessing></item><item ident="07dd95f1239ef6a907e5800a264246650e76ba04480462694f5f4f8e3c76467319016852c9c68364" title="Question"><itemmetadata><qtimetadata><qtimetadatafield><fieldlabel>question_type</fieldlabel><fieldentry>multiple_choice_question</fieldentry></qtimetadatafield><qtimetadatafield><fieldlabel>points_possible</fieldlabel><fieldentry>1</fieldentry></qtimetadatafield><qtimetadatafield><fieldlabel>original_answer_ids</fieldlabel><fieldentry>88c6ed1d74d62a572c4a4faeb2aacf5a90b33ec2dc783b3288ae8c9b922806c93b12d5550b22ecfe,28e716a55e364d69a1ec41f01da767a412c3d5ad8b174c01fe69e0ac4691df27bcf4e0c39136d6e7,39de06ebcb08f48472c7288e6e8446b6bad9b6f15c50aa543bcf4ccb11635f9b3eca65a2561792d6,259e7d6181677cc0ca30195ec5314d556c5ea6bb13db151bcf6da3f09e829abde27e8566dee3f91d</fieldentry></qtimetadatafield><qtimetadatafield><fieldlabel>assessment_question_identifierref</fieldlabel><fieldentry>0ec6a25e6b583d048ea3a44d70a992a6bc9aaac80973c257fb813de1dda1af88e7d4d6ec07511cb2</fieldentry></qtimetadatafield></qtimetadata></itemmetadata><presentation><material><mattext texttype="text/html">Which HTML tag is used to make the text bold?</mattext></material><response_lid ident="response1" rcardinality="Single"><render_choice><response_label ident="88c6ed1d74d62a572c4a4faeb2aacf5a90b33ec2dc783b3288ae8c9b922806c93b12d5550b22ecfe"><material><mattext texttype="text/html">strong</mattext></material></response_label><response_label ident="28e716a55e364d69a1ec41f01da767a412c3d5ad8b174c01fe69e0ac4691df27bcf4e0c39136d6e7"><material><mattext texttype="text/html">em</mattext></material></response_label><response_label ident="39de06ebcb08f48472c7288e6e8446b6bad9b6f15c50aa543bcf4ccb11635f9b3eca65a2561792d6"><material><mattext texttype="text/html">b</mattext></material></response_label><response_label ident="259e7d6181677cc0ca30195ec5314d556c5ea6bb13db151bcf6da3f09e829abde27e8566dee3f91d"><material><mattext texttype="text/html">mark</mattext></material></response_label></render_choice></response_lid></presentation><resprocessing><outcomes><decvar maxvalue="100" minvalue="0" varname="SCORE" vartype="Decimal"/></outcomes><respcondition continue="No"><conditionvar><varequal respident="response1">39de06ebcb08f48472c7288e6e8446b6bad9b6f15c50aa543bcf4ccb11635f9b3eca65a2561792d6</varequal></conditionvar><setvar actoin="Set" varname="SCORE">100</setvar></respcondition></resprocessing></item><item ident="e106b8688797f51914732788c1174b2222c91edf08d2878f2171deada0216ca833801d2bdc08fc80" title="Question"><itemmetadata><qtimetadata><qtimetadatafield><fieldlabel>question_type</fieldlabel><fieldentry>short_answer_question</fieldentry></qtimetadatafield><qtimetadatafield><fieldlabel>points_possible</fieldlabel><fieldentry>1</fieldentry></qtimetadatafield><qtimetadatafield><fieldlabel>original_answer_ids</fieldlabel><fieldentry>16ac00ae908d465a5a962c6cc855f104a1d2d29386fa18c44f5756ed23841d0e9f8cb1519dec1933</fieldentry></qtimetadatafield><qtimetadatafield><fieldlabel>assessment_question_identifierref</fieldlabel><fieldentry>ccdccf1cb6b4a1cd819a3dd24f45685af26f163a76f3e7f1f27eeb5db70741eb8049323835a62b70</fieldentry></qtimetadatafield></qtimetadata></itemmetadata><presentation><material><mattext texttype="text/html">What CSS property is used to align text to the center of an HTML element?</mattext></material><response_str ident="response1" rcardinality="Single"><render_fib><response_label ident="answer1" rshuffle="No"/></render_fib></response_str></presentation><resprocessing><outcomes><decvar maxvalue="100" minvalue="0" varname="SCORE" vartype="Decimal"/></outcomes><respcondition continue="No"><conditionvar><varequal respident="response1">text-align</varequal></conditionvar><setvar actoin="Set" varname="SCORE">100</setvar></respcondition></resprocessing></item><item ident="eed0407119d1020f48b11d17a6d7e7b5677460bf2f76ed6986eda814e8f42d9da576a14ffdc6d1c6" title="Question"><itemmetadata><qtimetadata><qtimetadatafield><fieldlabel>question_type</fieldlabel><fieldentry>short_answer_question</fieldentry></qtimetadatafield><qtimetadatafield><fieldlabel>points_possible</fieldlabel><fieldentry>1</fieldentry></qtimetadatafield><qtimetadatafield><fieldlabel>original_answer_ids</fieldlabel><fieldentry>0008772399c1573331225ea5e342fc7538ed03c503b29f710e3f91daccfe8db823a0d4b2320b450f</fieldentry></qtimetadatafield><qtimetadatafield><fieldlabel>assessment_question_identifierref</fieldlabel><fieldentry>fff2ce7ac25254bf72140775fb27355d920701270b55da5dac01378a9fe77d48a868df86bf5b4031</fieldentry></qtimetadatafield></qtimetadata></itemmetadata><presentation><material><mattext texttype="text/html">If you want to define the font to be used for an HTML element as "verdana," what would be the correct syntax?</mattext></material><response_str ident="response1" rcardinality="Single"><render_fib><response_label ident="answer1" rshuffle="No"/></render_fib></response_str></presentation><resprocessing><outcomes><decvar maxvalue="100" minvalue="0" varname="SCORE" vartype="Decimal"/></outcomes><respcondition continue="No"><conditionvar><varequal respident="response1">style="font-family:verdana;"</varequal></conditionvar><setvar actoin="Set" varname="SCORE">100</setvar></respcondition></resprocessing></item><item ident="537c1e654fb5cddc294c919a8dfbee7b81d34e7802d3451fa26e7c4d6ac6529cde49fe8dafd945c0" title="Question"><itemmetadata><qtimetadata><qtimetadatafield><fieldlabel>question_type</fieldlabel><fieldentry>multiple_choice_question</fieldentry></qtimetadatafield><qtimetadatafield><fieldlabel>points_possible</fieldlabel><fieldentry>1</fieldentry></qtimetadatafield><qtimetadatafield><fieldlabel>original_answer_ids</fieldlabel><fieldentry>76460690b7104b28705909c805b65f6f8626a1a90714a9139ead5879fd73029d58ef39879dae731c,98c18ffac8ee4a8afeb47de0c8cfb86788582136b6f37379ea3e488634f1d0ab6f7b279c1909f84e,3f265b41798e86745fd8923ae369dcfcbb62807f61522dce9bd3c1d9c03e27b848899a57847f502a,7b204d2636b92089305428ea634e377615c48ca8452a45f8758117f5b1bf0c5448589c0a6e37202d</fieldentry></qtimetadatafield><qtimetadatafield><fieldlabel>assessment_question_identifierref</fieldlabel><fieldentry>d8e84daf3bf9533b677e2f7abaceebd3774fbca839874c9bd67384f873c5b2c63916253dae4d38d3</fieldentry></qtimetadatafield></qtimetadata></itemmetadata><presentation><material><mattext texttype="text/html">Which of the following HTML tags defines an abbreviation or acronym?</mattext></material><response_lid ident="response1" rcardinality="Single"><render_choice><response_label ident="76460690b7104b28705909c805b65f6f8626a1a90714a9139ead5879fd73029d58ef39879dae731c"><material><mattext texttype="text/html">bdo</mattext></material></response_label><response_label ident="98c18ffac8ee4a8afeb47de0c8cfb86788582136b6f37379ea3e488634f1d0ab6f7b279c1909f84e"><material><mattext texttype="text/html">abbr</mattext></material></response_label><response_label ident="3f265b41798e86745fd8923ae369dcfcbb62807f61522dce9bd3c1d9c03e27b848899a57847f502a"><material><mattext texttype="text/html">cite</mattext></material></response_label><response_label ident="7b204d2636b92089305428ea634e377615c48ca8452a45f8758117f5b1bf0c5448589c0a6e37202d"><material><mattext texttype="text/html">q</mattext></material></response_label></render_choice></response_lid></presentation><resprocessing><outcomes><decvar maxvalue="100" minvalue="0" varname="SCORE" vartype="Decimal"/></outcomes><respcondition continue="No"><conditionvar><varequal respident="response1">98c18ffac8ee4a8afeb47de0c8cfb86788582136b6f37379ea3e488634f1d0ab6f7b279c1909f84e</varequal></conditionvar><setvar actoin="Set" varname="SCORE">100</setvar></respcondition></resprocessing></item><item ident="ac9495ca9b70b4e0e66bcdd54724b8eca38377d15050d0ddee435e6f53d10ae6a217dffa731524d1" title="Question"><itemmetadata><qtimetadata><qtimetadatafield><fieldlabel>question_type</fieldlabel><fieldentry>multiple_choice_question</fieldentry></qtimetadatafield><qtimetadatafield><fieldlabel>points_possible</fieldlabel><fieldentry>1</fieldentry></qtimetadatafield><qtimetadatafield><fieldlabel>original_answer_ids</fieldlabel><fieldentry>6c9c3edcef1df4e8a5c6eda21b828d846b82688c4dea94c3a38ec9f1ae4f3cdb54ad579d358fcefe,c007a52de14cdb8d7a2983369000669ed2554ea85ead4093046e61c35b2cf8f56fa51a4d715eb30b,8e0b54ca4859c8ea64b40ef0eb68b3917f4f724566cdb691a829cc72865d8604f7e8f2765bd49157,9239a0f5cb810fadddcf1555de1ce11fdac1c39706504683ec49b3551c5e338fbc5c3c3ad75a4e3d</fieldentry></qtimetadatafield><qtimetadatafield><fieldlabel>assessment_question_identifierref</fieldlabel><fieldentry>b472fef3828a6733acbbbd5d97928181c046043b8064bd3e2c079a7c2771bd900b79a1d7c779b0a7</fieldentry></qtimetadatafield></qtimetadata></itemmetadata><presentation><material><mattext texttype="text/html">How can you make a text appear as italic using HTML?</mattext></material><response_lid ident="response1" rcardinality="Single"><render_choice><response_label ident="6c9c3edcef1df4e8a5c6eda21b828d846b82688c4dea94c3a38ec9f1ae4f3cdb54ad579d358fcefe"><material><mattext texttype="text/html">style="text-style:italic;"</mattext></material></response_label><response_label ident="c007a52de14cdb8d7a2983369000669ed2554ea85ead4093046e61c35b2cf8f56fa51a4d715eb30b"><material><mattext texttype="text/html">i</mattext></material></response_label><response_label ident="8e0b54ca4859c8ea64b40ef0eb68b3917f4f724566cdb691a829cc72865d8604f7e8f2765bd49157"><material><mattext texttype="text/html">style="font-style:italic;"</mattext></material></response_label><response_label ident="9239a0f5cb810fadddcf1555de1ce11fdac1c39706504683ec49b3551c5e338fbc5c3c3ad75a4e3d"><material><mattext texttype="text/html">Both b and c</mattext></material></response_label></render_choice></response_lid></presentation><resprocessing><outcomes><decvar maxvalue="100" minvalue="0" varname="SCORE" vartype="Decimal"/></outcomes><respcondition continue="No"><conditionvar><varequal respident="response1">c007a52de14cdb8d7a2983369000669ed2554ea85ead4093046e61c35b2cf8f56fa51a4d715eb30b</varequal></conditionvar><setvar actoin="Set" varname="SCORE">100</setvar></respcondition></resprocessing></item><item ident="5a7b3f008f343d991c76fff1487f8d44728fd45473f7f5b1d5eb08e087fc3f4b268ca8f5375fba1e" title="Question"><itemmetadata><qtimetadata><qtimetadatafield><fieldlabel>question_type</fieldlabel><fieldentry>short_answer_question</fieldentry></qtimetadatafield><qtimetadatafield><fieldlabel>points_possible</fieldlabel><fieldentry>1</fieldentry></qtimetadatafield><qtimetadatafield><fieldlabel>original_answer_ids</fieldlabel><fieldentry>5db5533049df6c835a13a4bccdfee975fa5fa51dc80ead30607280b7e29deb4a14cd1f7e90eaa136</fieldentry></qtimetadatafield><qtimetadatafield><fieldlabel>assessment_question_identifierref</fieldlabel><fieldentry>f470d9b075f5123ab8d65c2f74a96919dfea89f1205c042f934708f2690f4a6c59e486c2f20cb25e</fieldentry></qtimetadatafield></qtimetadata></itemmetadata><presentation><material><mattext texttype="text/html">What is the correct way to set the text size to 300% for an HTML element?</mattext></material><response_str ident="response1" rcardinality="Single"><render_fib><response_label ident="answer1" rshuffle="No"/></render_fib></response_str></presentation><resprocessing><outcomes><decvar maxvalue="100" minvalue="0" varname="SCORE" vartype="Decimal"/></outcomes><respcondition continue="No"><conditionvar><varequal respident="response1">style="font-size:300%;"</varequal></conditionvar><setvar actoin="Set" varname="SCORE">100</setvar></respcondition></resprocessing></item><item ident="d372fddcd8003b464628ecc8251427a019b31ad3e900f2e3a70e75ed54084b26840f35feaaff36b9" title="Question"><itemmetadata><qtimetadata><qtimetadatafield><fieldlabel>question_type</fieldlabel><fieldentry>multiple_choice_question</fieldentry></qtimetadatafield><qtimetadatafield><fieldlabel>points_possible</fieldlabel><fieldentry>1</fieldentry></qtimetadatafield><qtimetadatafield><fieldlabel>original_answer_ids</fieldlabel><fieldentry>59bc1f2ca1d039b51a69d8f20b63aff493e59da30658c56be642710c7594587be38bf68c9fb64dc0,d72dda40a5a3d02dda09ffced1dc2fdc0c4e226f1722b8fce57f715fe58a4c9ea371b2e4470241d1,493ee4af8c8c024f8d673a78cae0f1247d21471b2faaa70aae97f9464ca5f1fec49e2a09de452d76,e28fe0e1d4b2f0bfcb922ef319918e1d14ba98b101706656edeefb784f74439a1db88415c749b084</fieldentry></qtimetadatafield><qtimetadatafield><fieldlabel>assessment_question_identifierref</fieldlabel><fieldentry>fd93edb42a3f2220dbf499def1d406407bf092375ddc2db047d395a6d9ebdab7b7c6e04497a09359</fieldentry></qtimetadatafield></qtimetadata></itemmetadata><presentation><material><mattext texttype="text/html">How do you mark a specific portion of text within an HTML element?</mattext></material><response_lid ident="response1" rcardinality="Single"><render_choice><response_label ident="59bc1f2ca1d039b51a69d8f20b63aff493e59da30658c56be642710c7594587be38bf68c9fb64dc0"><material><mattext texttype="text/html">mark</mattext></material></response_label><response_label ident="d72dda40a5a3d02dda09ffced1dc2fdc0c4e226f1722b8fce57f715fe58a4c9ea371b2e4470241d1"><material><mattext texttype="text/html">em</mattext></material></response_label><response_label ident="493ee4af8c8c024f8d673a78cae0f1247d21471b2faaa70aae97f9464ca5f1fec49e2a09de452d76"><material><mattext texttype="text/html">mark</mattext></material></response_label><response_label ident="e28fe0e1d4b2f0bfcb922ef319918e1d14ba98b101706656edeefb784f74439a1db88415c749b084"><material><mattext texttype="text/html">ins</mattext></material></response_label></render_choice></response_lid></presentation><resprocessing><outcomes><decvar maxvalue="100" minvalue="0" varname="SCORE" vartype="Decimal"/></outcomes><respcondition continue="No"><conditionvar><varequal respident="response1">493ee4af8c8c024f8d673a78cae0f1247d21471b2faaa70aae97f9464ca5f1fec49e2a09de452d76</varequal></conditionvar><setvar actoin="Set" varname="SCORE">100</setvar></respcondition></resprocessing></item></section></assessment></questestinterop>
