<?xml version="1.0" encoding="UTF-8"?>
<questestinterop xmlns="http://www.imsglobal.org/xsd/ims_qtiasiv1p2" xmlns:xsi="http://www.w3.org/2001/XMLSchema-instance" xsi:schemaLocation="http://www.imsglobal.org/xsd/ims_qtiasiv1p2 http://www.imsglobal.org/xsd/ims_qtiasiv1p2p1.xsd"><assessment ident="43948703dfa715aa315f1e89eb6ef35d7b688a70f5586cd0f26976e8d8712c5885b6ca585c733dae" title="Bootstrap"><qtimetadata><qtimetadatafield><fieldlabel>cc_maxattempts</fieldlabel><fieldentry>1</fieldentry></qtimetadatafield></qtimetadata><section ident="root_section"><item ident="cea8983f7aba736b6fae08644ba009eb0d3ecd31a9f20838542f21f5985da62d47cafbb9ecd9376c" title="Question"><itemmetadata><qtimetadata><qtimetadatafield><fieldlabel>question_type</fieldlabel><fieldentry>multiple_choice_question</fieldentry></qtimetadatafield><qtimetadatafield><fieldlabel>points_possible</fieldlabel><fieldentry>1</fieldentry></qtimetadatafield><qtimetadatafield><fieldlabel>original_answer_ids</fieldlabel><fieldentry>9d2dce449d2d2787433d49094deefa4eda712ff1ae4629b3f5f64ef3ca60b63c1e38901a0d23e06f,7f97a23ef923fe31313daa9cc77b7fe86406bbfe561d4038b697693ac16821acdc5940e70317bf71,13791c93e939fba316ae14f5b50d65982c9e67829d75e0e6322e6a869df2b4dbb00093a278277505,6e60a91c0533295a7c3c8b2406ba71ac15ce1096f107b7a27d7215e3fd8bf09b636b4b0a05fbcb7f</fieldentry></qtimetadatafield><qtimetadatafield><fieldlabel>assessment_question_identifierref</fieldlabel><fieldentry>f06746d50cce0e21d3adcf42e847acc3ad2e31585a74bc793489d769488620905e2a34c18e730482</fieldentry></qtimetadatafield></qtimetadata></itemmetadata><presentation><material><mattext texttype="text/html">What is Bootstrap?</mattext></material><response_lid ident="response1" rcardinality="Single"><render_choice><response_label ident="9d2dce449d2d2787433d49094deefa4eda712ff1ae4629b3f5f64ef3ca60b63c1e38901a0d23e06f"><material><mattext texttype="text/html">A JavaScript framework</mattext></material></response_label><response_label ident="7f97a23ef923fe31313daa9cc77b7fe86406bbfe561d4038b697693ac16821acdc5940e70317bf71"><material><mattext texttype="text/html">A CSS preprocessor</mattext></material></response_label><response_label ident="13791c93e939fba316ae14f5b50d65982c9e67829d75e0e6322e6a869df2b4dbb00093a278277505"><material><mattext texttype="text/html">A front-end framework</mattext></material></response_label><response_label ident="6e60a91c0533295a7c3c8b2406ba71ac15ce1096f107b7a27d7215e3fd8bf09b636b4b0a05fbcb7f"><material><mattext texttype="text/html">A back-end programming language</mattext></material></response_label></render_choice></response_lid></presentation><resprocessing><outcomes><decvar maxvalue="100" minvalue="0" varname="SCORE" vartype="Decimal"/></outcomes><respcondition continue="No"><conditionvar><varequal respident="response1">13791c93e939fba316ae14f5b50d65982c9e67829d75e0e6322e6a869df2b4dbb00093a278277505</varequal></conditionvar><setvar actoin="Set" varname="SCORE">100</setvar></respcondition></resprocessing></item><item ident="6a7e9c01469a369a37f3ff4a0f9424526edef188cc739864d039bbf84450bfc5cc4aa9038af399b5" title="Question"><itemmetadata><qtimetadata><qtimetadatafield><fieldlabel>question_type</fieldlabel><fieldentry>multiple_choice_question</fieldentry></qtimetadatafield><qtimetadatafield><fieldlabel>points_possible</fieldlabel><fieldentry>1</fieldentry></qtimetadatafield><qtimetadatafield><fieldlabel>original_answer_ids</fieldlabel><fieldentry>58df00986308e57f7be7b374d2bcb5b7c08f608d8db46aca26800f30fcf154a7e49ffde2c7d9fcff,820dee9c5a438f12ea91f8c8c3eb48be5185cc21a99ca632d6d00de3688c4dd2dfff9104f157c6b7,d34f747a8bb23f45ac01d9d3a646549ff3f50e8db1bb20bb821ff6edbdf2d765b322f02b44448a23,5a42143c43e2a170bb35627e04b64341aa977cd9a8d8bc7c3e5b33c442fed18eba491292aa3754e9</fieldentry></qtimetadatafield><qtimetadatafield><fieldlabel>assessment_question_identifierref</fieldlabel><fieldentry>7a241b4d4132c734fe68454d3a1d87090bee3aa1484752ecf5f04861badf567c3329df36343c44e6</fieldentry></qtimetadatafield></qtimetadata></itemmetadata><presentation><material><mattext texttype="text/html">Bootstrap’s responsive design adapts to screen sizes using what system?</mattext></material><response_lid ident="response1" rcardinality="Single"><render_choice><response_label ident="58df00986308e57f7be7b374d2bcb5b7c08f608d8db46aca26800f30fcf154a7e49ffde2c7d9fcff"><material><mattext texttype="text/html">Pixel Density Control</mattext></material></response_label><response_label ident="820dee9c5a438f12ea91f8c8c3eb48be5185cc21a99ca632d6d00de3688c4dd2dfff9104f157c6b7"><material><mattext texttype="text/html">Grid System</mattext></material></response_label><response_label ident="d34f747a8bb23f45ac01d9d3a646549ff3f50e8db1bb20bb821ff6edbdf2d765b322f02b44448a23"><material><mattext texttype="text/html">Adaptive Resolution</mattext></material></response_label><response_label ident="5a42143c43e2a170bb35627e04b64341aa977cd9a8d8bc7c3e5b33c442fed18eba491292aa3754e9"><material><mattext texttype="text/html">Vector Scaling</mattext></material></response_label></render_choice></response_lid></presentation><resprocessing><outcomes><decvar maxvalue="100" minvalue="0" varname="SCORE" vartype="Decimal"/></outcomes><respcondition continue="No"><conditionvar><varequal respident="response1">820dee9c5a438f12ea91f8c8c3eb48be5185cc21a99ca632d6d00de3688c4dd2dfff9104f157c6b7</varequal></conditionvar><setvar actoin="Set" varname="SCORE">100</setvar></respcondition></resprocessing></item><item ident="5aa163497c6b30375d64266bd4622c9abe5a46f0952be3af6740a09ff14c2c4136352fcd3136de37" title="Question"><itemmetadata><qtimetadata><qtimetadatafield><fieldlabel>question_type</fieldlabel><fieldentry>multiple_choice_question</fieldentry></qtimetadatafield><qtimetadatafield><fieldlabel>points_possible</fieldlabel><fieldentry>1</fieldentry></qtimetadatafield><qtimetadatafield><fieldlabel>original_answer_ids</fieldlabel><fieldentry>41945e46fb97c68302274fa7115efc5dcbc2eaa51f9aed411402a2825daa3e6670dae8124629ffca,b8478490fb6da732c8cdb083a16bbcf304e08e1a7cd00bc0c410b191ee181df00cb23dc990cd11b6,0d8cb79fd6c4898177300a54cabb19687edb804417a7de907580c11f814e10a189734456981d7358,4cb20873547c84933459b943004766f67411b7afdfaf83a4ca5852c17980f7e13cfef0e919835b2d</fieldentry></qtimetadatafield><qtimetadatafield><fieldlabel>assessment_question_identifierref</fieldlabel><fieldentry>b177d5d7e861f34ffe4c1aaeb5cbd9aee00b1386300a3fa796311c14d97f1cfc68c2cabbaa9b4e26</fieldentry></qtimetadatafield></qtimetadata></itemmetadata><presentation><material><mattext texttype="text/html">What does Bootstrap primarily help with?</mattext></material><response_lid ident="response1" rcardinality="Single"><render_choice><response_label ident="41945e46fb97c68302274fa7115efc5dcbc2eaa51f9aed411402a2825daa3e6670dae8124629ffca"><material><mattext texttype="text/html">Server-side scripting</mattext></material></response_label><response_label ident="b8478490fb6da732c8cdb083a16bbcf304e08e1a7cd00bc0c410b191ee181df00cb23dc990cd11b6"><material><mattext texttype="text/html">Database management</mattext></material></response_label><response_label ident="0d8cb79fd6c4898177300a54cabb19687edb804417a7de907580c11f814e10a189734456981d7358"><material><mattext texttype="text/html">Responsive web design</mattext></material></response_label><response_label ident="4cb20873547c84933459b943004766f67411b7afdfaf83a4ca5852c17980f7e13cfef0e919835b2d"><material><mattext texttype="text/html">Game development</mattext></material></response_label></render_choice></response_lid></presentation><resprocessing><outcomes><decvar maxvalue="100" minvalue="0" varname="SCORE" vartype="Decimal"/></outcomes><respcondition continue="No"><conditionvar><varequal respident="response1">0d8cb79fd6c4898177300a54cabb19687edb804417a7de907580c11f814e10a189734456981d7358</varequal></conditionvar><setvar actoin="Set" varname="SCORE">100</setvar></respcondition></resprocessing></item><item ident="2cf2faf1c71438796358754338a2520a3e65f9b631dc42a9baa57605251247119a471a831e02df96" title="Question"><itemmetadata><qtimetadata><qtimetadatafield><fieldlabel>question_type</fieldlabel><fieldentry>multiple_choice_question</fieldentry></qtimetadatafield><qtimetadatafield><fieldlabel>points_possible</fieldlabel><fieldentry>1</fieldentry></qtimetadatafield><qtimetadatafield><fieldlabel>original_answer_ids</fieldlabel><fieldentry>d56773046e531cfbdb49dd3f6589b893c38683fd0bf806f7851a4951a25a13e6cd9ef9214c315a39,63bedade8a4e39668d4c16149540524322c3643a6fb6cfc8161263553ffbf3bf700f374a39a73278,fe5fb658c36f55f4af20ccfa3375d7c4c5ad558e18bdec3ba1645c5ccab3d9d77981e9348ffb2bb3,8b13b6cd64a550e960cdfd317484d67e646f205ab8af3e3eaeb8699b16384c15aed6a5edb746454b</fieldentry></qtimetadatafield><qtimetadatafield><fieldlabel>assessment_question_identifierref</fieldlabel><fieldentry>915ca5c90fafaab6fc3f94e90265d2f9cb54075961a3f89c34d954ce4578f07b6c3626dcd705a92e</fieldentry></qtimetadatafield></qtimetadata></itemmetadata><presentation><material><mattext texttype="text/html">Which of the following is NOT a feature of Bootstrap?</mattext></material><response_lid ident="response1" rcardinality="Single"><render_choice><response_label ident="d56773046e531cfbdb49dd3f6589b893c38683fd0bf806f7851a4951a25a13e6cd9ef9214c315a39"><material><mattext texttype="text/html">Predefined classes for styling</mattext></material></response_label><response_label ident="63bedade8a4e39668d4c16149540524322c3643a6fb6cfc8161263553ffbf3bf700f374a39a73278"><material><mattext texttype="text/html">Grid system</mattext></material></response_label><response_label ident="fe5fb658c36f55f4af20ccfa3375d7c4c5ad558e18bdec3ba1645c5ccab3d9d77981e9348ffb2bb3"><material><mattext texttype="text/html">JavaScript plugins</mattext></material></response_label><response_label ident="8b13b6cd64a550e960cdfd317484d67e646f205ab8af3e3eaeb8699b16384c15aed6a5edb746454b"><material><mattext texttype="text/html">Back-end server management</mattext></material></response_label></render_choice></response_lid></presentation><resprocessing><outcomes><decvar maxvalue="100" minvalue="0" varname="SCORE" vartype="Decimal"/></outcomes><respcondition continue="No"><conditionvar><varequal respident="response1">8b13b6cd64a550e960cdfd317484d67e646f205ab8af3e3eaeb8699b16384c15aed6a5edb746454b</varequal></conditionvar><setvar actoin="Set" varname="SCORE">100</setvar></respcondition></resprocessing></item><item ident="398f4b8a9392d4a0bb22381a5ad8208e9c643dc61be5d94ff7c63f1840f9642cf010733a377e34ac" title="Question"><itemmetadata><qtimetadata><qtimetadatafield><fieldlabel>question_type</fieldlabel><fieldentry>multiple_choice_question</fieldentry></qtimetadatafield><qtimetadatafield><fieldlabel>points_possible</fieldlabel><fieldentry>1</fieldentry></qtimetadatafield><qtimetadatafield><fieldlabel>original_answer_ids</fieldlabel><fieldentry>64ee1abcd1ab8f8bd951894b21e1eca0202c3d72159ace32ccf1430d2b07c9b8966afdc008e51f37,23a301ad4adad9bb9f4965eaf9ff31f34fe58002623dcb3211a55d085a57b1105d90212a3e36885e,50bfc9cf2e256e77407dbedaf77c464394af8391b4de03954555198c99675794813450f0e580e8f3,081e72776333718358d412d69d2796504b74138608778b1c365fd9fd0289d54a22b7f4224b136d8a</fieldentry></qtimetadatafield><qtimetadatafield><fieldlabel>assessment_question_identifierref</fieldlabel><fieldentry>6a056af8031445f3ccab5bbfc75f0ba43538e67ece70dc5ab5fd8ab462c2366034f9cc8e8f27534f</fieldentry></qtimetadatafield></qtimetadata></itemmetadata><presentation><material><mattext texttype="text/html">What can Bootstrap's grid system be used for?</mattext></material><response_lid ident="response1" rcardinality="Single"><render_choice><response_label ident="64ee1abcd1ab8f8bd951894b21e1eca0202c3d72159ace32ccf1430d2b07c9b8966afdc008e51f37"><material><mattext texttype="text/html">Storing data</mattext></material></response_label><response_label ident="23a301ad4adad9bb9f4965eaf9ff31f34fe58002623dcb3211a55d085a57b1105d90212a3e36885e"><material><mattext texttype="text/html">Managing user authentication</mattext></material></response_label><response_label ident="50bfc9cf2e256e77407dbedaf77c464394af8391b4de03954555198c99675794813450f0e580e8f3"><material><mattext texttype="text/html">Aligning content</mattext></material></response_label><response_label ident="081e72776333718358d412d69d2796504b74138608778b1c365fd9fd0289d54a22b7f4224b136d8a"><material><mattext texttype="text/html">Debugging code</mattext></material></response_label></render_choice></response_lid></presentation><resprocessing><outcomes><decvar maxvalue="100" minvalue="0" varname="SCORE" vartype="Decimal"/></outcomes><respcondition continue="No"><conditionvar><varequal respident="response1">50bfc9cf2e256e77407dbedaf77c464394af8391b4de03954555198c99675794813450f0e580e8f3</varequal></conditionvar><setvar actoin="Set" varname="SCORE">100</setvar></respcondition></resprocessing></item><item ident="5ba6cd47f10d670fa574d80a35a23ce6bfb0df7d11d1fe1a3a2d102629fb6d0d47b57071ce0523fa" title="Question"><itemmetadata><qtimetadata><qtimetadatafield><fieldlabel>question_type</fieldlabel><fieldentry>multiple_choice_question</fieldentry></qtimetadatafield><qtimetadatafield><fieldlabel>points_possible</fieldlabel><fieldentry>1</fieldentry></qtimetadatafield><qtimetadatafield><fieldlabel>original_answer_ids</fieldlabel><fieldentry>2146f8f3fcae64baaf8ab4f05fca7fef1ba1abce21673293ac224f9ae5579a558daffaa78514b684,74b8832301c67555a50f4dc125f18978431eb3546a6eacb90abdd1bb9733155ca2bf8167415cad0c,43ce2ac162541aee4a161c4405618e1eb8fd4875503aa7e0818110a98dc31d9e2e3631bc4223686c,d69dbcb917f34f0c0a32631eb1510ad3235f994872f497fc24d619f27a3f72dfe76192df4cbdfefe</fieldentry></qtimetadatafield><qtimetadatafield><fieldlabel>assessment_question_identifierref</fieldlabel><fieldentry>e52cad0c30bbd0b6b176fa77e8291387d8882dbb725b0a96cf212e5c57424139852dede32a5e70ff</fieldentry></qtimetadatafield></qtimetadata></itemmetadata><presentation><material><mattext texttype="text/html">How would you include Bootstrap into your project?</mattext></material><response_lid ident="response1" rcardinality="Single"><render_choice><response_label ident="2146f8f3fcae64baaf8ab4f05fca7fef1ba1abce21673293ac224f9ae5579a558daffaa78514b684"><material><mattext texttype="text/html">Writing it from scratch</mattext></material></response_label><response_label ident="74b8832301c67555a50f4dc125f18978431eb3546a6eacb90abdd1bb9733155ca2bf8167415cad0c"><material><mattext texttype="text/html">Downloading the Bootstrap program</mattext></material></response_label><response_label ident="43ce2ac162541aee4a161c4405618e1eb8fd4875503aa7e0818110a98dc31d9e2e3631bc4223686c"><material><mattext texttype="text/html">Linking to Bootstrap's CSS and JS files</mattext></material></response_label><response_label ident="d69dbcb917f34f0c0a32631eb1510ad3235f994872f497fc24d619f27a3f72dfe76192df4cbdfefe"><material><mattext texttype="text/html">Installing it as an operating system</mattext></material></response_label></render_choice></response_lid></presentation><resprocessing><outcomes><decvar maxvalue="100" minvalue="0" varname="SCORE" vartype="Decimal"/></outcomes><respcondition continue="No"><conditionvar><varequal respident="response1">43ce2ac162541aee4a161c4405618e1eb8fd4875503aa7e0818110a98dc31d9e2e3631bc4223686c</varequal></conditionvar><setvar actoin="Set" varname="SCORE">100</setvar></respcondition></resprocessing></item><item ident="a9cecd46e4abb0be2206613da867e92ab42ea5bb5f8045f988db6d292e3081cac8ea0aa8b8442383" title="Question"><itemmetadata><qtimetadata><qtimetadatafield><fieldlabel>question_type</fieldlabel><fieldentry>multiple_choice_question</fieldentry></qtimetadatafield><qtimetadatafield><fieldlabel>points_possible</fieldlabel><fieldentry>1</fieldentry></qtimetadatafield><qtimetadatafield><fieldlabel>original_answer_ids</fieldlabel><fieldentry>6d33c43eda9a8e7b32160a1c787dde52e1a4373f5c46edd90b66c70f4c0028f622eb0026749596f1,ed64f63bff76c21a7ab6d141eca194e6e331cf2c9ee5f355da45b0ab4d7eba61a8b1c26cf3e0d5cd,32b2bcff4e84c9b458a68647bae1a11dbdfad5ae4c1fcddb0df4bb2860f95ef415ecf5133a250d33,e9586dec8a4276c0802cc6bed4cd6526a014419723e270bd08a0c77c474cac03553cee790458dfeb</fieldentry></qtimetadatafield><qtimetadatafield><fieldlabel>assessment_question_identifierref</fieldlabel><fieldentry>beea05e362ad663290918c98cc0e7a4e0232d0430f296a9bce5f74eb9fe2a881888a5e766c466139</fieldentry></qtimetadatafield></qtimetadata></itemmetadata><presentation><material><mattext texttype="text/html">What is one of the benefits of using Bootstrap?</mattext></material><response_lid ident="response1" rcardinality="Single"><render_choice><response_label ident="6d33c43eda9a8e7b32160a1c787dde52e1a4373f5c46edd90b66c70f4c0028f622eb0026749596f1"><material><mattext texttype="text/html">Automatic SEO optimization</mattext></material></response_label><response_label ident="ed64f63bff76c21a7ab6d141eca194e6e331cf2c9ee5f355da45b0ab4d7eba61a8b1c26cf3e0d5cd"><material><mattext texttype="text/html">Replacing HTML and CSS</mattext></material></response_label><response_label ident="32b2bcff4e84c9b458a68647bae1a11dbdfad5ae4c1fcddb0df4bb2860f95ef415ecf5133a250d33"><material><mattext texttype="text/html">Faster development with ready-to-use components</mattext></material></response_label><response_label ident="e9586dec8a4276c0802cc6bed4cd6526a014419723e270bd08a0c77c474cac03553cee790458dfeb"><material><mattext texttype="text/html">Generating content automatically</mattext></material></response_label></render_choice></response_lid></presentation><resprocessing><outcomes><decvar maxvalue="100" minvalue="0" varname="SCORE" vartype="Decimal"/></outcomes><respcondition continue="No"><conditionvar><varequal respident="response1">32b2bcff4e84c9b458a68647bae1a11dbdfad5ae4c1fcddb0df4bb2860f95ef415ecf5133a250d33</varequal></conditionvar><setvar actoin="Set" varname="SCORE">100</setvar></respcondition></resprocessing></item><item ident="2b0e1dd01a85b33d3b2b64d169da0752ea4134a7590d4112cdcc4b5743b8dfb27af20f9a75809fb3" title="Question"><itemmetadata><qtimetadata><qtimetadatafield><fieldlabel>question_type</fieldlabel><fieldentry>multiple_choice_question</fieldentry></qtimetadatafield><qtimetadatafield><fieldlabel>points_possible</fieldlabel><fieldentry>1</fieldentry></qtimetadatafield><qtimetadatafield><fieldlabel>original_answer_ids</fieldlabel><fieldentry>ecd958c7c94b032f1b4f784d581648f08155ee4b8f5fb782c41db609335e942e5cf737a47c23e9e7,0c883c0bafdd2fc14584c1b861c2162dc3ab927de85f9165cf1731d9c48e237c35c256d143cef7f6,04b5ff626627385f579e1b0eb18e2a6935793d6227a7266c3f2788eaa698d1fe2f32fb7610d62b09,206ac1359a1f692c7fef86d9a525f3dcc0d96414261df07e971dfda9ef8ce2b1df9df69cd3ae55e3</fieldentry></qtimetadatafield><qtimetadatafield><fieldlabel>assessment_question_identifierref</fieldlabel><fieldentry>1b8464b9e438895aa023205f37210eb8948e7e4bc6df1213686c1d31f266b8834f67fc7bd43b1159</fieldentry></qtimetadatafield></qtimetadata></itemmetadata><presentation><material><mattext texttype="text/html">In Bootstrap 5, what class is used to create a responsive container?</mattext></material><response_lid ident="response1" rcardinality="Single"><render_choice><response_label ident="ecd958c7c94b032f1b4f784d581648f08155ee4b8f5fb782c41db609335e942e5cf737a47c23e9e7"><material><mattext texttype="text/html">.box</mattext></material></response_label><response_label ident="0c883c0bafdd2fc14584c1b861c2162dc3ab927de85f9165cf1731d9c48e237c35c256d143cef7f6"><material><mattext texttype="text/html">.flex</mattext></material></response_label><response_label ident="04b5ff626627385f579e1b0eb18e2a6935793d6227a7266c3f2788eaa698d1fe2f32fb7610d62b09"><material><mattext texttype="text/html">.container</mattext></material></response_label><response_label ident="206ac1359a1f692c7fef86d9a525f3dcc0d96414261df07e971dfda9ef8ce2b1df9df69cd3ae55e3"><material><mattext texttype="text/html">.grid</mattext></material></response_label></render_choice></response_lid></presentation><resprocessing><outcomes><decvar maxvalue="100" minvalue="0" varname="SCORE" vartype="Decimal"/></outcomes><respcondition continue="No"><conditionvar><varequal respident="response1">04b5ff626627385f579e1b0eb18e2a6935793d6227a7266c3f2788eaa698d1fe2f32fb7610d62b09</varequal></conditionvar><setvar actoin="Set" varname="SCORE">100</setvar></respcondition></resprocessing></item><item ident="580cfbaeb3ce7e73a4c9da91dc4ae7e5494c12a1f6eb28eeeae1e1f7ffa695784daa8b48b663cfce" title="Question"><itemmetadata><qtimetadata><qtimetadatafield><fieldlabel>question_type</fieldlabel><fieldentry>multiple_choice_question</fieldentry></qtimetadatafield><qtimetadatafield><fieldlabel>points_possible</fieldlabel><fieldentry>1</fieldentry></qtimetadatafield><qtimetadatafield><fieldlabel>original_answer_ids</fieldlabel><fieldentry>7e879860aed69c1e388431bd540c513f1fb8b19955012913fbb4ad9767437ff25054b5f0279e9425,9958af6196b5ff363a86faf9d977e49c0084f246a0ef75aebcf2bb06c5aaac24279e4e1e0d5086c8,b2cec67648da5c8c3a3837acfa56ecaa36b09945520c3342bbc77f9d25766277b2a7e39bc5e66567,4a032d5070e0786ba1c3a6c5e47de99ed2641efa610e738f04c6acc757646f9eef23fed07dcf219a</fieldentry></qtimetadatafield><qtimetadatafield><fieldlabel>assessment_question_identifierref</fieldlabel><fieldentry>24cbdc2e93276b38386035f247bd3cde1650d948372075fd9d32574bbdd1ff7d0ab919db892eb2b9</fieldentry></qtimetadatafield></qtimetadata></itemmetadata><presentation><material><mattext texttype="text/html">What are Bootstrap's responsive breakpoints used for?</mattext></material><response_lid ident="response1" rcardinality="Single"><render_choice><response_label ident="7e879860aed69c1e388431bd540c513f1fb8b19955012913fbb4ad9767437ff25054b5f0279e9425"><material><mattext texttype="text/html">Breaking the website when resizing</mattext></material></response_label><response_label ident="9958af6196b5ff363a86faf9d977e49c0084f246a0ef75aebcf2bb06c5aaac24279e4e1e0d5086c8"><material><mattext texttype="text/html">Debugging JavaScript</mattext></material></response_label><response_label ident="b2cec67648da5c8c3a3837acfa56ecaa36b09945520c3342bbc77f9d25766277b2a7e39bc5e66567"><material><mattext texttype="text/html">Adapting the layout to different screen sizes</mattext></material></response_label><response_label ident="4a032d5070e0786ba1c3a6c5e47de99ed2641efa610e738f04c6acc757646f9eef23fed07dcf219a"><material><mattext texttype="text/html">Encrypting data</mattext></material></response_label></render_choice></response_lid></presentation><resprocessing><outcomes><decvar maxvalue="100" minvalue="0" varname="SCORE" vartype="Decimal"/></outcomes><respcondition continue="No"><conditionvar><varequal respident="response1">b2cec67648da5c8c3a3837acfa56ecaa36b09945520c3342bbc77f9d25766277b2a7e39bc5e66567</varequal></conditionvar><setvar actoin="Set" varname="SCORE">100</setvar></respcondition></resprocessing></item><item ident="2dbc39be91799c8379ff31198326a515a5fc8a8fb44ac2156927a5172f9ab8e36f524f4fc55ffda7" title="Question"><itemmetadata><qtimetadata><qtimetadatafield><fieldlabel>question_type</fieldlabel><fieldentry>multiple_choice_question</fieldentry></qtimetadatafield><qtimetadatafield><fieldlabel>points_possible</fieldlabel><fieldentry>1</fieldentry></qtimetadatafield><qtimetadatafield><fieldlabel>original_answer_ids</fieldlabel><fieldentry>c5029ee1c4d5938b534c8aa8f42a2a97357ef39b9c8f92b232eacc11f5ab1a67c9d77235b266f93b,6332ea16493bebfcc90a67236724662a8a3d8e9fb8aa0537f0658e85ce51a85dfa2a04f26f80886e,c9bfe84b956f7efc98f0385b06c47fa071234aa0e63141af807db87dde9aab36e604e1f706d144e7,f644ff3ab1bdf94f58883c7adc93581220645046a83c794368ca0f4f41b1e77d06e2a4e5109aa243</fieldentry></qtimetadatafield><qtimetadatafield><fieldlabel>assessment_question_identifierref</fieldlabel><fieldentry>bdbcaa2a89965f01906199e2799e21a87eb3037ad6b35b7b3e958e6eec4a17f887e2b0b53e74479b</fieldentry></qtimetadatafield></qtimetadata></itemmetadata><presentation><material><mattext texttype="text/html">Which of the following components can be created using Bootstrap?</mattext></material><response_lid ident="response1" rcardinality="Single"><render_choice><response_label ident="c5029ee1c4d5938b534c8aa8f42a2a97357ef39b9c8f92b232eacc11f5ab1a67c9d77235b266f93b"><material><mattext texttype="text/html">Mobile applications</mattext></material></response_label><response_label ident="6332ea16493bebfcc90a67236724662a8a3d8e9fb8aa0537f0658e85ce51a85dfa2a04f26f80886e"><material><mattext texttype="text/html">Server-side scripts</mattext></material></response_label><response_label ident="c9bfe84b956f7efc98f0385b06c47fa071234aa0e63141af807db87dde9aab36e604e1f706d144e7"><material><mattext texttype="text/html">Navigation bars</mattext></material></response_label><response_label ident="f644ff3ab1bdf94f58883c7adc93581220645046a83c794368ca0f4f41b1e77d06e2a4e5109aa243"><material><mattext texttype="text/html">Database queries</mattext></material></response_label></render_choice></response_lid></presentation><resprocessing><outcomes><decvar maxvalue="100" minvalue="0" varname="SCORE" vartype="Decimal"/></outcomes><respcondition continue="No"><conditionvar><varequal respident="response1">c9bfe84b956f7efc98f0385b06c47fa071234aa0e63141af807db87dde9aab36e604e1f706d144e7</varequal></conditionvar><setvar actoin="Set" varname="SCORE">100</setvar></respcondition></resprocessing></item></section></assessment></questestinterop>
