<?xml version="1.0" encoding="UTF-8"?>
<questestinterop xmlns="http://www.imsglobal.org/xsd/ims_qtiasiv1p2" xmlns:xsi="http://www.w3.org/2001/XMLSchema-instance" xsi:schemaLocation="http://www.imsglobal.org/xsd/ims_qtiasiv1p2 http://www.imsglobal.org/xsd/ims_qtiasiv1p2p1.xsd"><assessment ident="38b810d9be13caaee0cc79331355746cd5ad174fe65e35a74715f91a9643f9205176116d1f00b6fd" title="Tables"><qtimetadata><qtimetadatafield><fieldlabel>cc_maxattempts</fieldlabel><fieldentry>1</fieldentry></qtimetadatafield></qtimetadata><section ident="root_section"><item ident="9a09880251dcb5022169fa7e22ff4e149c93d95e7350fdd2adee186a758230f4587122800b90357b" title="Question"><itemmetadata><qtimetadata><qtimetadatafield><fieldlabel>question_type</fieldlabel><fieldentry>multiple_choice_question</fieldentry></qtimetadatafield><qtimetadatafield><fieldlabel>points_possible</fieldlabel><fieldentry>1</fieldentry></qtimetadatafield><qtimetadatafield><fieldlabel>original_answer_ids</fieldlabel><fieldentry>168683ffc144b36ff0e5b20c543430ab621a133a25a65160fb54a3386533ac679ff770e55d1c8103,70b9173c381dec2b53f35ca6b3829918fe2afd653448d266d8cae0ec8e21720cb1fda2011df252de,a964ed6b5af970e4e9457f73ec25eee066c7fcc413b399d38bffaeb3d17075560abf15e6674d5cc8,746766d68d737215d03f0292ce3a47a1bb98580ce1232868e3aa15c41777278a00cb1a1d83e52fae</fieldentry></qtimetadatafield><qtimetadatafield><fieldlabel>assessment_question_identifierref</fieldlabel><fieldentry>001d8a4b53348380aa7a1bfbfef035eb42a909eac3cfc265dc38e8a3b7239e36299111ce4a30bf9c</fieldentry></qtimetadatafield></qtimetadata></itemmetadata><presentation><material><mattext texttype="text/html">What tag is used to create a table in HTML?</mattext></material><response_lid ident="response1" rcardinality="Single"><render_choice><response_label ident="168683ffc144b36ff0e5b20c543430ab621a133a25a65160fb54a3386533ac679ff770e55d1c8103"><material><mattext texttype="text/html">div</mattext></material></response_label><response_label ident="70b9173c381dec2b53f35ca6b3829918fe2afd653448d266d8cae0ec8e21720cb1fda2011df252de"><material><mattext texttype="text/html">tab</mattext></material></response_label><response_label ident="a964ed6b5af970e4e9457f73ec25eee066c7fcc413b399d38bffaeb3d17075560abf15e6674d5cc8"><material><mattext texttype="text/html">table</mattext></material></response_label><response_label ident="746766d68d737215d03f0292ce3a47a1bb98580ce1232868e3aa15c41777278a00cb1a1d83e52fae"><material><mattext texttype="text/html">grid</mattext></material></response_label></render_choice></response_lid></presentation><resprocessing><outcomes><decvar maxvalue="100" minvalue="0" varname="SCORE" vartype="Decimal"/></outcomes><respcondition continue="No"><conditionvar><varequal respident="response1">a964ed6b5af970e4e9457f73ec25eee066c7fcc413b399d38bffaeb3d17075560abf15e6674d5cc8</varequal></conditionvar><setvar actoin="Set" varname="SCORE">100</setvar></respcondition></resprocessing></item><item ident="5562251a72ac48e8cd25acef4a557801ceb13934b577634aaa9695003c84976514936cc87b46d0b1" title="Question"><itemmetadata><qtimetadata><qtimetadatafield><fieldlabel>question_type</fieldlabel><fieldentry>short_answer_question</fieldentry></qtimetadatafield><qtimetadatafield><fieldlabel>points_possible</fieldlabel><fieldentry>1</fieldentry></qtimetadatafield><qtimetadatafield><fieldlabel>original_answer_ids</fieldlabel><fieldentry>35947232bf87c9dfdcb0eb819fd8f8753c11a5cf1222e4aa29f6e8a2b37df406122b9292b1dacf1a</fieldentry></qtimetadatafield><qtimetadatafield><fieldlabel>assessment_question_identifierref</fieldlabel><fieldentry>148ab7b93262a95c631721ec8b87bd35943057519d5f95a9ba9cc3f3c8a4faacab78f2d26a3661cf</fieldentry></qtimetadatafield></qtimetadata></itemmetadata><presentation><material><mattext texttype="text/html">To create a table row in HTML, you use the ______ tag.</mattext></material><response_str ident="response1" rcardinality="Single"><render_fib><response_label ident="answer1" rshuffle="No"/></render_fib></response_str></presentation><resprocessing><outcomes><decvar maxvalue="100" minvalue="0" varname="SCORE" vartype="Decimal"/></outcomes><respcondition continue="No"><conditionvar><varequal respident="response1">tr</varequal></conditionvar><setvar actoin="Set" varname="SCORE">100</setvar></respcondition></resprocessing></item><item ident="c7ca13e6a68ded8ec5c9afee119113a97e52f449b8d5cd706c9ab4bfd7564726949821c67ac05453" title="Question"><itemmetadata><qtimetadata><qtimetadatafield><fieldlabel>question_type</fieldlabel><fieldentry>multiple_choice_question</fieldentry></qtimetadatafield><qtimetadatafield><fieldlabel>points_possible</fieldlabel><fieldentry>1</fieldentry></qtimetadatafield><qtimetadatafield><fieldlabel>original_answer_ids</fieldlabel><fieldentry>405673aa60d7bfbd17e1165bc125400228073bcc15aeab483efc16ce4616221bea45ad27e109d283,55b1533a1f08dba3e9b8128d4a232a2e0a4e1941db194440f0017fafbb2cb642e4f15276084421c0,d7c7a7c64fe11180e30801729b7c69672f5591b27f7bce51ef9e4acadba576584650ffb7b43d2792,02c3be77ac60750fa77b6cc0d348324628c97ffa57e0284074aaa6b5f4b02456bed477f6056b413f</fieldentry></qtimetadatafield><qtimetadatafield><fieldlabel>assessment_question_identifierref</fieldlabel><fieldentry>60489153dffb3e945d37d9eb720abf527de2d1eb3f54a33b021c09a03cd5a6ff84093c940752ed02</fieldentry></qtimetadatafield></qtimetadata></itemmetadata><presentation><material><mattext texttype="text/html">What tag is used to define a header cell in an HTML table?</mattext></material><response_lid ident="response1" rcardinality="Single"><render_choice><response_label ident="405673aa60d7bfbd17e1165bc125400228073bcc15aeab483efc16ce4616221bea45ad27e109d283"><material><mattext texttype="text/html">th</mattext></material></response_label><response_label ident="55b1533a1f08dba3e9b8128d4a232a2e0a4e1941db194440f0017fafbb2cb642e4f15276084421c0"><material><mattext texttype="text/html">td</mattext></material></response_label><response_label ident="d7c7a7c64fe11180e30801729b7c69672f5591b27f7bce51ef9e4acadba576584650ffb7b43d2792"><material><mattext texttype="text/html">Both a and b</mattext></material></response_label><response_label ident="02c3be77ac60750fa77b6cc0d348324628c97ffa57e0284074aaa6b5f4b02456bed477f6056b413f"><material><mattext texttype="text/html">head</mattext></material></response_label></render_choice></response_lid></presentation><resprocessing><outcomes><decvar maxvalue="100" minvalue="0" varname="SCORE" vartype="Decimal"/></outcomes><respcondition continue="No"><conditionvar><varequal respident="response1">d7c7a7c64fe11180e30801729b7c69672f5591b27f7bce51ef9e4acadba576584650ffb7b43d2792</varequal></conditionvar><setvar actoin="Set" varname="SCORE">100</setvar></respcondition></resprocessing></item><item ident="22e32fdadecaf40baba6dac960416c5c37c9bcdab12328e5f8f8d5553e6c6a36430ede4343419fab" title="Question"><itemmetadata><qtimetadata><qtimetadatafield><fieldlabel>question_type</fieldlabel><fieldentry>short_answer_question</fieldentry></qtimetadatafield><qtimetadatafield><fieldlabel>points_possible</fieldlabel><fieldentry>1</fieldentry></qtimetadatafield><qtimetadatafield><fieldlabel>original_answer_ids</fieldlabel><fieldentry>658a6a02394cff2144d36a02ce16d4af4e5517e740f8bc863406e61136f378636c153b7de8421c91</fieldentry></qtimetadatafield><qtimetadatafield><fieldlabel>assessment_question_identifierref</fieldlabel><fieldentry>67f1323ba1dff1d0b1b231d7d26f59bacaa6d6bce4e967cefea92db188b9e3e98e30a6fe3076a81a</fieldentry></qtimetadatafield></qtimetadata></itemmetadata><presentation><material><mattext texttype="text/html">In CSS, the property used to add space between cells in a table is called ______.</mattext></material><response_str ident="response1" rcardinality="Single"><render_fib><response_label ident="answer1" rshuffle="No"/></render_fib></response_str></presentation><resprocessing><outcomes><decvar maxvalue="100" minvalue="0" varname="SCORE" vartype="Decimal"/></outcomes><respcondition continue="No"><conditionvar><varequal respident="response1">border-spacing</varequal></conditionvar><setvar actoin="Set" varname="SCORE">100</setvar></respcondition></resprocessing></item><item ident="816358bf33ec31bfdf435a943369567a8eb61cee06bc0b3eea4dbe6ee8f062cf88d587281706b0ce" title="Question"><itemmetadata><qtimetadata><qtimetadatafield><fieldlabel>question_type</fieldlabel><fieldentry>multiple_choice_question</fieldentry></qtimetadatafield><qtimetadatafield><fieldlabel>points_possible</fieldlabel><fieldentry>1</fieldentry></qtimetadatafield><qtimetadatafield><fieldlabel>original_answer_ids</fieldlabel><fieldentry>613814b1ab0c0c5d65937bff7033855c80b5e118fa2dc2de8486e290ed445257d8fbd1fc37525788,5091feddef22a117b602a83cbdecb9a8427fe35863113542728c3cd25f5f49fa927d02e3469f1188,004d805802b708e834f371bf38f4d3ef7f928063daa31440847aeb4f5458cf65edf0fc6a66d9c802,e6bc0dd51923a4e215bad8253bc92a321a98384b09d47a961935daff06538795a29b87a97b9977bd</fieldentry></qtimetadatafield><qtimetadatafield><fieldlabel>assessment_question_identifierref</fieldlabel><fieldentry>0cd509e0687d547a6a079fbcf8e640f8d3b27ee6fb66b27117d598c076e8678cfccb473b32b3022a</fieldentry></qtimetadatafield></qtimetadata></itemmetadata><presentation><material><mattext texttype="text/html">What is the correct way to align content to the right inside a table cell using CSS?</mattext></material><response_lid ident="response1" rcardinality="Single"><render_choice><response_label ident="613814b1ab0c0c5d65937bff7033855c80b5e118fa2dc2de8486e290ed445257d8fbd1fc37525788"><material><mattext texttype="text/html">text-align: left;</mattext></material></response_label><response_label ident="5091feddef22a117b602a83cbdecb9a8427fe35863113542728c3cd25f5f49fa927d02e3469f1188"><material><mattext texttype="text/html">content-align: right;</mattext></material></response_label><response_label ident="004d805802b708e834f371bf38f4d3ef7f928063daa31440847aeb4f5458cf65edf0fc6a66d9c802"><material><mattext texttype="text/html">text-align: right;</mattext></material></response_label><response_label ident="e6bc0dd51923a4e215bad8253bc92a321a98384b09d47a961935daff06538795a29b87a97b9977bd"><material><mattext texttype="text/html">cell-align: right;</mattext></material></response_label></render_choice></response_lid></presentation><resprocessing><outcomes><decvar maxvalue="100" minvalue="0" varname="SCORE" vartype="Decimal"/></outcomes><respcondition continue="No"><conditionvar><varequal respident="response1">004d805802b708e834f371bf38f4d3ef7f928063daa31440847aeb4f5458cf65edf0fc6a66d9c802</varequal></conditionvar><setvar actoin="Set" varname="SCORE">100</setvar></respcondition></resprocessing></item><item ident="14cacba2ebeb35467fccde5510670b2aeee7e6520d6f95632e21f141720ded35373d291b42b085be" title="Question"><itemmetadata><qtimetadata><qtimetadatafield><fieldlabel>question_type</fieldlabel><fieldentry>short_answer_question</fieldentry></qtimetadatafield><qtimetadatafield><fieldlabel>points_possible</fieldlabel><fieldentry>1</fieldentry></qtimetadatafield><qtimetadatafield><fieldlabel>original_answer_ids</fieldlabel><fieldentry>938a350ba2b9e4259a7c2779a67fbffda0dc6e74dccd34b47a8f057a06906a9dd0c2a6a8036e74c4</fieldentry></qtimetadatafield><qtimetadatafield><fieldlabel>assessment_question_identifierref</fieldlabel><fieldentry>afcef4f98b4da340f822a1cce544156732561212c7fc194f9aa21dfd833f48ae8e144c6c3fa2a2c9</fieldentry></qtimetadatafield></qtimetadata></itemmetadata><presentation><material><mattext texttype="text/html">To merge two cells horizontally, you would use the ______ attribute in HTML.</mattext></material><response_str ident="response1" rcardinality="Single"><render_fib><response_label ident="answer1" rshuffle="No"/></render_fib></response_str></presentation><resprocessing><outcomes><decvar maxvalue="100" minvalue="0" varname="SCORE" vartype="Decimal"/></outcomes><respcondition continue="No"><conditionvar><varequal respident="response1">colspan</varequal></conditionvar><setvar actoin="Set" varname="SCORE">100</setvar></respcondition></resprocessing></item><item ident="9546c4ce040eec64fa038347d77059ac34c9f3b30754c51596ee5131f3450f3e81995e14b4d439b5" title="Question"><itemmetadata><qtimetadata><qtimetadatafield><fieldlabel>question_type</fieldlabel><fieldentry>multiple_choice_question</fieldentry></qtimetadatafield><qtimetadatafield><fieldlabel>points_possible</fieldlabel><fieldentry>1</fieldentry></qtimetadatafield><qtimetadatafield><fieldlabel>original_answer_ids</fieldlabel><fieldentry>47ecee9d2e3212ba740f10403e0a5678770a81a560af743fd5bcf696d630723a16980cb2bed914d8,e5608da2d19935270c548e1fe7f61937d5dbbd04bc2861655ce4ce8a5108a5d8095edd4cb9d8b6fc,1a9286b64b7bbfd703e59d16eb8672a3061b1fb149a3e30daef2b3a36ee2b586562acca99c2198b4,2d4a56f40f9defb1d3abeafe3d0b18f4363de8d874bc73777f41c28d02ba10f73e65fa15bc0e081d</fieldentry></qtimetadatafield><qtimetadatafield><fieldlabel>assessment_question_identifierref</fieldlabel><fieldentry>36da909df01e93ff2c089c220835f3a10d3eebf9fb9b04d85ff5b9ecf30cf1af67246b33efb8e9a1</fieldentry></qtimetadatafield></qtimetadata></itemmetadata><presentation><material><mattext texttype="text/html">To apply a style to only the first row of a table using CSS, which pseudo-class would you use?</mattext></material><response_lid ident="response1" rcardinality="Single"><render_choice><response_label ident="47ecee9d2e3212ba740f10403e0a5678770a81a560af743fd5bcf696d630723a16980cb2bed914d8"><material><mattext texttype="text/html">first-child</mattext></material></response_label><response_label ident="e5608da2d19935270c548e1fe7f61937d5dbbd04bc2861655ce4ce8a5108a5d8095edd4cb9d8b6fc"><material><mattext texttype="text/html">last-child</mattext></material></response_label><response_label ident="1a9286b64b7bbfd703e59d16eb8672a3061b1fb149a3e30daef2b3a36ee2b586562acca99c2198b4"><material><mattext texttype="text/html">first-of-type</mattext></material></response_label><response_label ident="2d4a56f40f9defb1d3abeafe3d0b18f4363de8d874bc73777f41c28d02ba10f73e65fa15bc0e081d"><material><mattext texttype="text/html">nth-of-type</mattext></material></response_label></render_choice></response_lid></presentation><resprocessing><outcomes><decvar maxvalue="100" minvalue="0" varname="SCORE" vartype="Decimal"/></outcomes><respcondition continue="No"><conditionvar><varequal respident="response1">1a9286b64b7bbfd703e59d16eb8672a3061b1fb149a3e30daef2b3a36ee2b586562acca99c2198b4</varequal></conditionvar><setvar actoin="Set" varname="SCORE">100</setvar></respcondition></resprocessing></item><item ident="2c513b7be9a72d224c5126f6f5b52f2e1a952d656105662f1342af20660e6c2c6aad9a7d60773d96" title="Question"><itemmetadata><qtimetadata><qtimetadatafield><fieldlabel>question_type</fieldlabel><fieldentry>short_answer_question</fieldentry></qtimetadatafield><qtimetadatafield><fieldlabel>points_possible</fieldlabel><fieldentry>1</fieldentry></qtimetadatafield><qtimetadatafield><fieldlabel>original_answer_ids</fieldlabel><fieldentry>30ef509890a6fff17d4c65ecd3c2454a05bae46494f4c49e7546c08c3029e38297f30096e328d70c</fieldentry></qtimetadatafield><qtimetadatafield><fieldlabel>assessment_question_identifierref</fieldlabel><fieldentry>80944c0e611b8c935cadf3f6dcef592b973a4f9e510a86d26a87ab3007458b988d1a962e906cb122</fieldentry></qtimetadatafield></qtimetadata></itemmetadata><presentation><material><mattext texttype="text/html">The CSS property used to set the background color of a table row is ______.</mattext></material><response_str ident="response1" rcardinality="Single"><render_fib><response_label ident="answer1" rshuffle="No"/></render_fib></response_str></presentation><resprocessing><outcomes><decvar maxvalue="100" minvalue="0" varname="SCORE" vartype="Decimal"/></outcomes><respcondition continue="No"><conditionvar><varequal respident="response1">background-color</varequal></conditionvar><setvar actoin="Set" varname="SCORE">100</setvar></respcondition></resprocessing></item><item ident="1f703bde3f2b28cbed9d067f49beb11826695c534a37c8458dda56d1287fb84b8e3a3956b7998c7a" title="Question"><itemmetadata><qtimetadata><qtimetadatafield><fieldlabel>question_type</fieldlabel><fieldentry>multiple_choice_question</fieldentry></qtimetadatafield><qtimetadatafield><fieldlabel>points_possible</fieldlabel><fieldentry>1</fieldentry></qtimetadatafield><qtimetadatafield><fieldlabel>original_answer_ids</fieldlabel><fieldentry>1db27d3fc9216e87e58e01d6d48a8df49fc6ceb13a98e4cf1977c983b7de3f6cc55dd5bca980f6e3,a5d095f0d4efbb8366851e65119c562e0d964c4e964f7ee950dd34017d1b4abdf6c23b03fc2277ed,e60f73fc7e67a89228ef9db6dff1b91ea8e518e85ad6d1985e4dd33d1fdc97a672c52e7a2dd55436,f57fadca01eb8b5c66705992409ce768920ade7a850a95a250c26e4953c6a78cdf4d67f28a984f05</fieldentry></qtimetadatafield><qtimetadatafield><fieldlabel>assessment_question_identifierref</fieldlabel><fieldentry>dccf8e331f049435abc96eb3c621ea9bfae9b68aa46d035e64d01bec13684c311cf9ae70e3014942</fieldentry></qtimetadatafield></qtimetadata></itemmetadata><presentation><material><mattext texttype="text/html">Which tag is used to define a table cell in HTML?</mattext></material><response_lid ident="response1" rcardinality="Single"><render_choice><response_label ident="1db27d3fc9216e87e58e01d6d48a8df49fc6ceb13a98e4cf1977c983b7de3f6cc55dd5bca980f6e3"><material><mattext texttype="text/html">th</mattext></material></response_label><response_label ident="a5d095f0d4efbb8366851e65119c562e0d964c4e964f7ee950dd34017d1b4abdf6c23b03fc2277ed"><material><mattext texttype="text/html">td</mattext></material></response_label><response_label ident="e60f73fc7e67a89228ef9db6dff1b91ea8e518e85ad6d1985e4dd33d1fdc97a672c52e7a2dd55436"><material><mattext texttype="text/html">tr</mattext></material></response_label><response_label ident="f57fadca01eb8b5c66705992409ce768920ade7a850a95a250c26e4953c6a78cdf4d67f28a984f05"><material><mattext texttype="text/html">ta</mattext></material></response_label></render_choice></response_lid></presentation><resprocessing><outcomes><decvar maxvalue="100" minvalue="0" varname="SCORE" vartype="Decimal"/></outcomes><respcondition continue="No"><conditionvar><varequal respident="response1">a5d095f0d4efbb8366851e65119c562e0d964c4e964f7ee950dd34017d1b4abdf6c23b03fc2277ed</varequal></conditionvar><setvar actoin="Set" varname="SCORE">100</setvar></respcondition></resprocessing></item><item ident="5c3197b31c93705c277bb0f7626f605f65b45c590376ac549a5859d6dcdf00a37fd0a1d42529f45f" title="Question"><itemmetadata><qtimetadata><qtimetadatafield><fieldlabel>question_type</fieldlabel><fieldentry>short_answer_question</fieldentry></qtimetadatafield><qtimetadatafield><fieldlabel>points_possible</fieldlabel><fieldentry>1</fieldentry></qtimetadatafield><qtimetadatafield><fieldlabel>original_answer_ids</fieldlabel><fieldentry>2352e766cc1f2b926d55ecd5568473288122156aa5afeee0848a7c4c132e129de1abaeddf06900dd</fieldentry></qtimetadatafield><qtimetadatafield><fieldlabel>assessment_question_identifierref</fieldlabel><fieldentry>7ca15c93776170a57a75bd20c89a61e75bf82435863e49773903813b400a0d141588897b9628d532</fieldentry></qtimetadatafield></qtimetadata></itemmetadata><presentation><material><mattext texttype="text/html">To apply a border to a table in CSS, you would use the ______ property.</mattext></material><response_str ident="response1" rcardinality="Single"><render_fib><response_label ident="answer1" rshuffle="No"/></render_fib></response_str></presentation><resprocessing><outcomes><decvar maxvalue="100" minvalue="0" varname="SCORE" vartype="Decimal"/></outcomes><respcondition continue="No"><conditionvar><varequal respident="response1">border</varequal></conditionvar><setvar actoin="Set" varname="SCORE">100</setvar></respcondition></resprocessing></item></section></assessment></questestinterop>
