<?xml version="1.0" encoding="UTF-8"?>
<questestinterop xmlns="http://www.imsglobal.org/xsd/ims_qtiasiv1p2" xmlns:xsi="http://www.w3.org/2001/XMLSchema-instance" xsi:schemaLocation="http://www.imsglobal.org/xsd/ims_qtiasiv1p2 http://www.imsglobal.org/xsd/ims_qtiasiv1p2p1.xsd"><assessment ident="2ae6a7db7fcc502cf2283dd758541be77cf31debfb081a88e51d9c8dbfc6279e8a0bb11e6675576e" title="Style Guide"><qtimetadata><qtimetadatafield><fieldlabel>cc_maxattempts</fieldlabel><fieldentry>1</fieldentry></qtimetadatafield></qtimetadata><section ident="root_section"><item ident="e28a500366875cf3fe9a950e0923eae126613245c86a724ad7d8a8dcfd154a9df4a8b1d8fee74483" title="Question"><itemmetadata><qtimetadata><qtimetadatafield><fieldlabel>question_type</fieldlabel><fieldentry>multiple_choice_question</fieldentry></qtimetadatafield><qtimetadatafield><fieldlabel>points_possible</fieldlabel><fieldentry>1</fieldentry></qtimetadatafield><qtimetadatafield><fieldlabel>original_answer_ids</fieldlabel><fieldentry>fa82366f59d36268b6788b65a975eefa5f0713113107f59012221d7e7be5d54e6483b782a60a1026,aba7857459c34c81b52d780b9073d2e1c401fdf861981639dd55e9625ef08dc1118b597efa670e28,2cd1fec45eb4240170823fc3ed970c2c15320350cbc6508cef5628443b52408ffdd33a49935e8a66,5b276eac0e3ba6ce51998e4eec9909359c427d22e3a0b870f4a1b809f6e0caaae646131e36aa545a</fieldentry></qtimetadatafield><qtimetadatafield><fieldlabel>assessment_question_identifierref</fieldlabel><fieldentry>3b12682c33a76b768ffc8e3a9290ceb3e65a0587c8b5a31f538514400ef443c562dc573c50d6d752</fieldentry></qtimetadatafield></qtimetadata></itemmetadata><presentation><material><mattext texttype="text/html">Which of the following is the correct way to declare the document type in HTML?</mattext></material><response_lid ident="response1" rcardinality="Single"><render_choice><response_label ident="fa82366f59d36268b6788b65a975eefa5f0713113107f59012221d7e7be5d54e6483b782a60a1026"><material><mattext texttype="text/html">!DOCTYPE</mattext></material></response_label><response_label ident="aba7857459c34c81b52d780b9073d2e1c401fdf861981639dd55e9625ef08dc1118b597efa670e28"><material><mattext texttype="text/html">!DOCTYPE html</mattext></material></response_label><response_label ident="2cd1fec45eb4240170823fc3ed970c2c15320350cbc6508cef5628443b52408ffdd33a49935e8a66"><material><mattext texttype="text/html">!DOCTYPE HTML</mattext></material></response_label><response_label ident="5b276eac0e3ba6ce51998e4eec9909359c427d22e3a0b870f4a1b809f6e0caaae646131e36aa545a"><material><mattext texttype="text/html">!DOCTYPE html</mattext></material></response_label></render_choice></response_lid></presentation><resprocessing><outcomes><decvar maxvalue="100" minvalue="0" varname="SCORE" vartype="Decimal"/></outcomes><respcondition continue="No"><conditionvar><varequal respident="response1">5b276eac0e3ba6ce51998e4eec9909359c427d22e3a0b870f4a1b809f6e0caaae646131e36aa545a</varequal></conditionvar><setvar actoin="Set" varname="SCORE">100</setvar></respcondition></resprocessing></item><item ident="4efbf74b512e06764f294d57c41e48045928bbda406749b62e1e3bcb804b5cd210cf84eb41c3ab66" title="Question"><itemmetadata><qtimetadata><qtimetadatafield><fieldlabel>question_type</fieldlabel><fieldentry>multiple_choice_question</fieldentry></qtimetadatafield><qtimetadatafield><fieldlabel>points_possible</fieldlabel><fieldentry>1</fieldentry></qtimetadatafield><qtimetadatafield><fieldlabel>original_answer_ids</fieldlabel><fieldentry>1f4fa61157b0697e698199708c607c5706d1b70a6689e47cf85a197a52e7d1872b3e0859b2a02ff9,611fc6951ccd964b04c399d2814454b589d31ce5e5fa56096b99d97af12456749bacd825dec9f633,ce3a603c6b409d10d620062826edb25d4600e02c0a9b79b39f486d9299d263a0c363f8aab65c76fe,c208f99dbc9574f5bdd59cf1232c07a2d7e380d76763efa5b06f8e74960507f22c6e4ad49d5ae7f9</fieldentry></qtimetadatafield><qtimetadatafield><fieldlabel>assessment_question_identifierref</fieldlabel><fieldentry>4fe270787a4a621a375390d0cdc4339b67c17eb96b7cbdd83872272ffbe6bb40e07fa045742a530c</fieldentry></qtimetadatafield></qtimetadata></itemmetadata><presentation><material><mattext texttype="text/html">What is the recommended way to write element names in HTML?</mattext></material><response_lid ident="response1" rcardinality="Single"><render_choice><response_label ident="1f4fa61157b0697e698199708c607c5706d1b70a6689e47cf85a197a52e7d1872b3e0859b2a02ff9"><material><mattext texttype="text/html">Using lowercase letters.</mattext></material></response_label><response_label ident="611fc6951ccd964b04c399d2814454b589d31ce5e5fa56096b99d97af12456749bacd825dec9f633"><material><mattext texttype="text/html">Using uppercase letters.</mattext></material></response_label><response_label ident="ce3a603c6b409d10d620062826edb25d4600e02c0a9b79b39f486d9299d263a0c363f8aab65c76fe"><material><mattext texttype="text/html">Mixing uppercase and lowercase letters.</mattext></material></response_label><response_label ident="c208f99dbc9574f5bdd59cf1232c07a2d7e380d76763efa5b06f8e74960507f22c6e4ad49d5ae7f9"><material><mattext texttype="text/html">It doesn't matter; both are acceptable.</mattext></material></response_label></render_choice></response_lid></presentation><resprocessing><outcomes><decvar maxvalue="100" minvalue="0" varname="SCORE" vartype="Decimal"/></outcomes><respcondition continue="No"><conditionvar><varequal respident="response1">1f4fa61157b0697e698199708c607c5706d1b70a6689e47cf85a197a52e7d1872b3e0859b2a02ff9</varequal></conditionvar><setvar actoin="Set" varname="SCORE">100</setvar></respcondition></resprocessing></item><item ident="240c6c14373e0ad97da10b22da690f0edd8326a67c0acd60525710d0cc7accf5b733036ca87445b6" title="Question"><itemmetadata><qtimetadata><qtimetadatafield><fieldlabel>question_type</fieldlabel><fieldentry>multiple_choice_question</fieldentry></qtimetadatafield><qtimetadatafield><fieldlabel>points_possible</fieldlabel><fieldentry>1</fieldentry></qtimetadatafield><qtimetadatafield><fieldlabel>original_answer_ids</fieldlabel><fieldentry>06fbc1a3f09e71a393a4bd6be0c2a8f65a34766bca8f1fa845314bdf26291f73fd4f8668f7f250b8,3691da7eb03612dc67d5b27e5319ecfec9a1e80a225d7091571e2422b08a48cd3aa5e268c7d666b3,3e22cf60204592a78988c5205bf3930d7ae6010674bff736c28e0a7c50e52ad4bd0cd3f0036e4e6e,b91eabdcf504933ebf83691fa9d84bd24f4a35801e29f07dec3da7745b779960c39399804f6656e3</fieldentry></qtimetadatafield><qtimetadatafield><fieldlabel>assessment_question_identifierref</fieldlabel><fieldentry>ad1a431d14fe3489d836f12ce0f6d27b10a4b91fbf72a9e5f9197a7c2e13eb2c643692f4851ceb03</fieldentry></qtimetadatafield></qtimetadata></itemmetadata><presentation><material><mattext texttype="text/html">Why is it important to close all HTML elements?</mattext></material><response_lid ident="response1" rcardinality="Single"><render_choice><response_label ident="06fbc1a3f09e71a393a4bd6be0c2a8f65a34766bca8f1fa845314bdf26291f73fd4f8668f7f250b8"><material><mattext texttype="text/html">It makes the code easier to read and understand.</mattext></material></response_label><response_label ident="3691da7eb03612dc67d5b27e5319ecfec9a1e80a225d7091571e2422b08a48cd3aa5e268c7d666b3"><material><mattext texttype="text/html">It is not necessary to close all elements in HTML.</mattext></material></response_label><response_label ident="3e22cf60204592a78988c5205bf3930d7ae6010674bff736c28e0a7c50e52ad4bd0cd3f0036e4e6e"><material><mattext texttype="text/html">It reduces the size of the HTML file.</mattext></material></response_label><response_label ident="b91eabdcf504933ebf83691fa9d84bd24f4a35801e29f07dec3da7745b779960c39399804f6656e3"><material><mattext texttype="text/html">It improves website performance.</mattext></material></response_label></render_choice></response_lid></presentation><resprocessing><outcomes><decvar maxvalue="100" minvalue="0" varname="SCORE" vartype="Decimal"/></outcomes><respcondition continue="No"><conditionvar><varequal respident="response1">06fbc1a3f09e71a393a4bd6be0c2a8f65a34766bca8f1fa845314bdf26291f73fd4f8668f7f250b8</varequal></conditionvar><setvar actoin="Set" varname="SCORE">100</setvar></respcondition></resprocessing></item><item ident="cd10e33c6bcfd630cf34565bc376cfa6fd7f84b022dda4a9ad5c0a00412681693ffa64c25cb08ea3" title="Question"><itemmetadata><qtimetadata><qtimetadatafield><fieldlabel>question_type</fieldlabel><fieldentry>multiple_choice_question</fieldentry></qtimetadatafield><qtimetadatafield><fieldlabel>points_possible</fieldlabel><fieldentry>1</fieldentry></qtimetadatafield><qtimetadatafield><fieldlabel>original_answer_ids</fieldlabel><fieldentry>9d6bf12b6518ed63fda416297f5b2ba2504a194cc4c1606064fa6e4443f2f4ffb7d81ea91e6417ad,cdcc4b55d952587431a0021d66c91cdad67daeb2ac1472b46323580601b9c5bacc7445a4019bfb9f,07050216ace49908bc1aa7d0a67f60679fbb7243607ce1226dcfae16986dd91a8ce902f538943891,8a7248542d8df3057941a3e3f23309d760b764cb236714cb2a255d31fde611176635256314996c08</fieldentry></qtimetadatafield><qtimetadatafield><fieldlabel>assessment_question_identifierref</fieldlabel><fieldentry>a19865a5806f2da4db2aeeec3a900c9416af600b8fb2c3443e6a69825019b0f7f7468f581b235e9b</fieldentry></qtimetadatafield></qtimetadata></itemmetadata><presentation><material><mattext texttype="text/html">Which of the following is the correct way to write attribute names in HTML?</mattext></material><response_lid ident="response1" rcardinality="Single"><render_choice><response_label ident="9d6bf12b6518ed63fda416297f5b2ba2504a194cc4c1606064fa6e4443f2f4ffb7d81ea91e6417ad"><material><mattext texttype="text/html">Using lowercase letters.</mattext></material></response_label><response_label ident="cdcc4b55d952587431a0021d66c91cdad67daeb2ac1472b46323580601b9c5bacc7445a4019bfb9f"><material><mattext texttype="text/html">Using uppercase letters.</mattext></material></response_label><response_label ident="07050216ace49908bc1aa7d0a67f60679fbb7243607ce1226dcfae16986dd91a8ce902f538943891"><material><mattext texttype="text/html">Mixing uppercase and lowercase letters.</mattext></material></response_label><response_label ident="8a7248542d8df3057941a3e3f23309d760b764cb236714cb2a255d31fde611176635256314996c08"><material><mattext texttype="text/html">It doesn't matter; both are acceptable.</mattext></material></response_label></render_choice></response_lid></presentation><resprocessing><outcomes><decvar maxvalue="100" minvalue="0" varname="SCORE" vartype="Decimal"/></outcomes><respcondition continue="No"><conditionvar><varequal respident="response1">9d6bf12b6518ed63fda416297f5b2ba2504a194cc4c1606064fa6e4443f2f4ffb7d81ea91e6417ad</varequal></conditionvar><setvar actoin="Set" varname="SCORE">100</setvar></respcondition></resprocessing></item><item ident="b0483a527e69fe94eb65aff5ba6115b840d8c2b3780cf4a39dafae30fe4183dad0e14fbe9c280467" title="Question"><itemmetadata><qtimetadata><qtimetadatafield><fieldlabel>question_type</fieldlabel><fieldentry>multiple_choice_question</fieldentry></qtimetadatafield><qtimetadatafield><fieldlabel>points_possible</fieldlabel><fieldentry>1</fieldentry></qtimetadatafield><qtimetadatafield><fieldlabel>original_answer_ids</fieldlabel><fieldentry>e1b7f7e5e91b7dd63a6d989e6df47f9451651757486aefd6ce6f025406719317e1cb055e15a43317,9132eb0169410ea1af890d11e862673b7dd9120f2b7b15e0cac5d8fcb15a50903081735859b80d4c,a93d0bc294c8625fd93609bde2054a953cccb4fc4387aefd53dbb2d51235d620c4940edf065b2050,600c01ca171b1b3ca1dfff242a890121dcd36ccf0c978943fb112513d68a87c2b6e0009f6aba9159</fieldentry></qtimetadatafield><qtimetadatafield><fieldlabel>assessment_question_identifierref</fieldlabel><fieldentry>ada8640a7ad8ffe0a02a6653d2ce406ca672aad7f1b1393b01478bdeca8f424148feb9850df6b66c</fieldentry></qtimetadatafield></qtimetadata></itemmetadata><presentation><material><mattext texttype="text/html">Why is it recommended to always quote attribute values in HTML?</mattext></material><response_lid ident="response1" rcardinality="Single"><render_choice><response_label ident="e1b7f7e5e91b7dd63a6d989e6df47f9451651757486aefd6ce6f025406719317e1cb055e15a43317"><material><mattext texttype="text/html">Quoted values make the code look longer.</mattext></material></response_label><response_label ident="9132eb0169410ea1af890d11e862673b7dd9120f2b7b15e0cac5d8fcb15a50903081735859b80d4c"><material><mattext texttype="text/html">Quoted values are easier to read.</mattext></material></response_label><response_label ident="a93d0bc294c8625fd93609bde2054a953cccb4fc4387aefd53dbb2d51235d620c4940edf065b2050"><material><mattext texttype="text/html">Quoted values are required by the HTML specification.</mattext></material></response_label><response_label ident="600c01ca171b1b3ca1dfff242a890121dcd36ccf0c978943fb112513d68a87c2b6e0009f6aba9159"><material><mattext texttype="text/html">Quoted values improve website performance.</mattext></material></response_label></render_choice></response_lid></presentation><resprocessing><outcomes><decvar maxvalue="100" minvalue="0" varname="SCORE" vartype="Decimal"/></outcomes><respcondition continue="No"><conditionvar><varequal respident="response1">9132eb0169410ea1af890d11e862673b7dd9120f2b7b15e0cac5d8fcb15a50903081735859b80d4c</varequal></conditionvar><setvar actoin="Set" varname="SCORE">100</setvar></respcondition></resprocessing></item><item ident="32573f172e77de6ac737582ba4d2e8b4a8fd5f5b0966dbaa81e6072336d436163dac5b1087e27895" title="Question"><itemmetadata><qtimetadata><qtimetadatafield><fieldlabel>question_type</fieldlabel><fieldentry>multiple_choice_question</fieldentry></qtimetadatafield><qtimetadatafield><fieldlabel>points_possible</fieldlabel><fieldentry>1</fieldentry></qtimetadatafield><qtimetadatafield><fieldlabel>original_answer_ids</fieldlabel><fieldentry>c12640833182f0c32812b1662fa2a5d334d7f9d4a2eea06547e37377b3541bc4898fb4679410d753,b1ab715b14542dddd82f068ccc87def316a49ccf7de5d17c6c313f743e75684bec2b70da9c4e6d68,4a86338ce57c4ddc0eba71e8b592fd592413af7277631e9c7fc97f84bb8509be1e92a76b964549bd,cd7afe47632b5c8e1fadfc68e4d309a8840b625f50de5c7b0ddf9c159c7f1243f16cb7308cde1073</fieldentry></qtimetadatafield><qtimetadatafield><fieldlabel>assessment_question_identifierref</fieldlabel><fieldentry>1883fb6209e756865a46727b0f891fbac83ee64a42951f35c1cb593a99b92600daf59912f78177c6</fieldentry></qtimetadatafield></qtimetadata></itemmetadata><presentation><material><mattext texttype="text/html">What is the purpose of the alt attribute for images in HTML?</mattext></material><response_lid ident="response1" rcardinality="Single"><render_choice><response_label ident="c12640833182f0c32812b1662fa2a5d334d7f9d4a2eea06547e37377b3541bc4898fb4679410d753"><material><mattext texttype="text/html">It defines the alignment of the image.</mattext></material></response_label><response_label ident="b1ab715b14542dddd82f068ccc87def316a49ccf7de5d17c6c313f743e75684bec2b70da9c4e6d68"><material><mattext texttype="text/html">It sets the background color of the image.</mattext></material></response_label><response_label ident="4a86338ce57c4ddc0eba71e8b592fd592413af7277631e9c7fc97f84bb8509be1e92a76b964549bd"><material><mattext texttype="text/html">It provides alternative text if the image cannot be displayed.</mattext></material></response_label><response_label ident="cd7afe47632b5c8e1fadfc68e4d309a8840b625f50de5c7b0ddf9c159c7f1243f16cb7308cde1073"><material><mattext texttype="text/html">It adds a border around the image.</mattext></material></response_label></render_choice></response_lid></presentation><resprocessing><outcomes><decvar maxvalue="100" minvalue="0" varname="SCORE" vartype="Decimal"/></outcomes><respcondition continue="No"><conditionvar><varequal respident="response1">4a86338ce57c4ddc0eba71e8b592fd592413af7277631e9c7fc97f84bb8509be1e92a76b964549bd</varequal></conditionvar><setvar actoin="Set" varname="SCORE">100</setvar></respcondition></resprocessing></item><item ident="cf2c48a5f8353a4af33387c1ee0f2591d2a0ed9e5769e6e922d6900e0ccb7f7a497786597299c0fb" title="Question"><itemmetadata><qtimetadata><qtimetadatafield><fieldlabel>question_type</fieldlabel><fieldentry>multiple_choice_question</fieldentry></qtimetadatafield><qtimetadatafield><fieldlabel>points_possible</fieldlabel><fieldentry>1</fieldentry></qtimetadatafield><qtimetadatafield><fieldlabel>original_answer_ids</fieldlabel><fieldentry>3e598b760ea3336b806014324cbdf3921129201885612c6609a978f6b3379446a8fdc47e77bc7d74,77ff4cb0f985dc1d9116f6f3ad66aa437f35097b2ef169b8351b62b0baa91bea0cadc4f1d4517869,defd5d300f006e2965c862201cdbe49c50535ce4d1fc56633e2d58985179d48a37526868b69b7ffc,8934f2f8a63ed1efc867ae46e1a09e3ea3a499f7e35c6d27c8a2dfcd045a835a56448132f8f6b873</fieldentry></qtimetadatafield><qtimetadatafield><fieldlabel>assessment_question_identifierref</fieldlabel><fieldentry>6476f918ac2b52c7605517ac088769df8bf0f2f4920d066b7c23f24e68523d87c8bc08a450774587</fieldentry></qtimetadatafield></qtimetadata></itemmetadata><presentation><material><mattext texttype="text/html">How should long CSS rules be written for better readability?</mattext></material><response_lid ident="response1" rcardinality="Single"><render_choice><response_label ident="3e598b760ea3336b806014324cbdf3921129201885612c6609a978f6b3379446a8fdc47e77bc7d74"><material><mattext texttype="text/html">Over multiple lines with proper indentation.</mattext></material></response_label><response_label ident="77ff4cb0f985dc1d9116f6f3ad66aa437f35097b2ef169b8351b62b0baa91bea0cadc4f1d4517869"><material><mattext texttype="text/html">All on one line.</mattext></material></response_label><response_label ident="defd5d300f006e2965c862201cdbe49c50535ce4d1fc56633e2d58985179d48a37526868b69b7ffc"><material><mattext texttype="text/html">Using tabs for indentation.</mattext></material></response_label><response_label ident="8934f2f8a63ed1efc867ae46e1a09e3ea3a499f7e35c6d27c8a2dfcd045a835a56448132f8f6b873"><material><mattext texttype="text/html">With no spaces between property-value pairs.</mattext></material></response_label></render_choice></response_lid></presentation><resprocessing><outcomes><decvar maxvalue="100" minvalue="0" varname="SCORE" vartype="Decimal"/></outcomes><respcondition continue="No"><conditionvar><varequal respident="response1">3e598b760ea3336b806014324cbdf3921129201885612c6609a978f6b3379446a8fdc47e77bc7d74</varequal></conditionvar><setvar actoin="Set" varname="SCORE">100</setvar></respcondition></resprocessing></item><item ident="8434cbf474ca448bec69606d6684d0cca39fbe221b52fc121a89ac34d239ded1ad9e79d289771b04" title="Question"><itemmetadata><qtimetadata><qtimetadatafield><fieldlabel>question_type</fieldlabel><fieldentry>multiple_choice_question</fieldentry></qtimetadatafield><qtimetadatafield><fieldlabel>points_possible</fieldlabel><fieldentry>1</fieldentry></qtimetadatafield><qtimetadatafield><fieldlabel>original_answer_ids</fieldlabel><fieldentry>f56c8b92562ce19d18f20306c6fb294ed2681a106f0ae7e9d5d6fda838ca7dc198a88d3218becbcd,821a14c9fd95986756b649431d16b4527676542bb1c08d4cbc24dac309e16f96555bd1bc3398f92a,97fbafd31b2a06774b8422cddb77607806696c2679e255aa7d38f14962343219b955f5f315eb6f80,901a83cddf41a9d7496a71aaf19313d008ce9a3073debdfd38b635b1baec906175228c1c3c0df925</fieldentry></qtimetadatafield><qtimetadatafield><fieldlabel>assessment_question_identifierref</fieldlabel><fieldentry>d25b8e7c65125163080c4484644d243292f349c0e79adacfe2cc3fa3bfccb62db378358a0bfd1f91</fieldentry></qtimetadatafield></qtimetadata></itemmetadata><presentation><material><mattext texttype="text/html">What is the recommended way to add blank lines and indentation in HTML code?</mattext></material><response_lid ident="response1" rcardinality="Single"><render_choice><response_label ident="f56c8b92562ce19d18f20306c6fb294ed2681a106f0ae7e9d5d6fda838ca7dc198a88d3218becbcd"><material><mattext texttype="text/html">Avoid using blank lines and indentation for better performance.</mattext></material></response_label><response_label ident="821a14c9fd95986756b649431d16b4527676542bb1c08d4cbc24dac309e16f96555bd1bc3398f92a"><material><mattext texttype="text/html">Add blank lines to separate logical code blocks and use two spaces of indentation.</mattext></material></response_label><response_label ident="97fbafd31b2a06774b8422cddb77607806696c2679e255aa7d38f14962343219b955f5f315eb6f80"><material><mattext texttype="text/html">Use the tab key for indentation.</mattext></material></response_label><response_label ident="901a83cddf41a9d7496a71aaf19313d008ce9a3073debdfd38b635b1baec906175228c1c3c0df925"><material><mattext texttype="text/html">Indentation is not necessary in HTML.</mattext></material></response_label></render_choice></response_lid></presentation><resprocessing><outcomes><decvar maxvalue="100" minvalue="0" varname="SCORE" vartype="Decimal"/></outcomes><respcondition continue="No"><conditionvar><varequal respident="response1">821a14c9fd95986756b649431d16b4527676542bb1c08d4cbc24dac309e16f96555bd1bc3398f92a</varequal></conditionvar><setvar actoin="Set" varname="SCORE">100</setvar></respcondition></resprocessing></item><item ident="96242d2602ddd47be08941cc48303a2b66ed87ba09c9d37fe92e713b794ddb986af9c27999e1f8ef" title="Question"><itemmetadata><qtimetadata><qtimetadatafield><fieldlabel>question_type</fieldlabel><fieldentry>multiple_choice_question</fieldentry></qtimetadatafield><qtimetadatafield><fieldlabel>points_possible</fieldlabel><fieldentry>1</fieldentry></qtimetadatafield><qtimetadatafield><fieldlabel>original_answer_ids</fieldlabel><fieldentry>da51648d52800ef99338532cb069d93d1aeb7b9f64d530be08be24f7e3e7bd4a989b28c98d19f1fb,35aa0fd5ee759f511435bf00a4f31da9e16ace197dbb588cbfa0af2578f7692e6e4076999dac31ac,01d18c465e6d1195d2194d57fc51a2a7040b8e60f1774c7d0e61d17180368f7f34c17a24daf1df4f,f4bd5ca972b9421bf39792e2347d3fec7e6ea63bc9ca938453803fc0ca127820a4d205b5a38b2dc9</fieldentry></qtimetadatafield><qtimetadatafield><fieldlabel>assessment_question_identifierref</fieldlabel><fieldentry>4fe922dce8ddc0c9a640fee42438edd79d558cbcb5aa442181eeda505e0fad5b760790d396536f1d</fieldentry></qtimetadatafield></qtimetadata></itemmetadata><presentation><material><mattext texttype="text/html">Which of the following is the correct way to include the lang attribute in HTML?</mattext></material><response_lid ident="response1" rcardinality="Single"><render_choice><response_label ident="da51648d52800ef99338532cb069d93d1aeb7b9f64d530be08be24f7e3e7bd4a989b28c98d19f1fb"><material><mattext texttype="text/html">html language="en"</mattext></material></response_label><response_label ident="35aa0fd5ee759f511435bf00a4f31da9e16ace197dbb588cbfa0af2578f7692e6e4076999dac31ac"><material><mattext texttype="text/html">lang="en" html</mattext></material></response_label><response_label ident="01d18c465e6d1195d2194d57fc51a2a7040b8e60f1774c7d0e61d17180368f7f34c17a24daf1df4f"><material><mattext texttype="text/html">html lang="en"</mattext></material></response_label><response_label ident="f4bd5ca972b9421bf39792e2347d3fec7e6ea63bc9ca938453803fc0ca127820a4d205b5a38b2dc9"><material><mattext texttype="text/html">html lang="english"</mattext></material></response_label></render_choice></response_lid></presentation><resprocessing><outcomes><decvar maxvalue="100" minvalue="0" varname="SCORE" vartype="Decimal"/></outcomes><respcondition continue="No"><conditionvar><varequal respident="response1">01d18c465e6d1195d2194d57fc51a2a7040b8e60f1774c7d0e61d17180368f7f34c17a24daf1df4f</varequal></conditionvar><setvar actoin="Set" varname="SCORE">100</setvar></respcondition></resprocessing></item><item ident="98104711faa91de9f8610ab6751a53fdd48dac99bd4d22b49493e6c595c27f83084e5672c86785db" title="Question"><itemmetadata><qtimetadata><qtimetadatafield><fieldlabel>question_type</fieldlabel><fieldentry>multiple_choice_question</fieldentry></qtimetadatafield><qtimetadatafield><fieldlabel>points_possible</fieldlabel><fieldentry>1</fieldentry></qtimetadatafield><qtimetadatafield><fieldlabel>original_answer_ids</fieldlabel><fieldentry>21c5d3f64f25b311fda7d70e98e14d22e58605166964671d43569ee93d0621c0d178abb90e748e58,20ab1511a5942f102027b8410c0d419e2a4e8d15627b10ac3919bc7eb96db2c4812fb379f5aa0296,64b7a3778e0a0fa777763500d38b70053449ac842e00ae5499cfc49adec06d25b2ae7ce30d70bb87,1c05ee75b2634b6bfc2efb45eba094a9e1ed5cbedb946b08415510eff9dd8b527b39530d998469f6</fieldentry></qtimetadatafield><qtimetadatafield><fieldlabel>assessment_question_identifierref</fieldlabel><fieldentry>19bf6c9396ffdd49b9dc0cef139e5dcae9c0811103db23d3795afafceb428d37cc2b162f16f04d03</fieldentry></qtimetadatafield></qtimetadata></itemmetadata><presentation><material><mattext texttype="text/html">Why is it essential to include the title element in an HTML document?</mattext></material><response_lid ident="response1" rcardinality="Single"><render_choice><response_label ident="21c5d3f64f25b311fda7d70e98e14d22e58605166964671d43569ee93d0621c0d178abb90e748e58"><material><mattext texttype="text/html">It is required to display the page in web browsers.</mattext></material></response_label><response_label ident="20ab1511a5942f102027b8410c0d419e2a4e8d15627b10ac3919bc7eb96db2c4812fb379f5aa0296"><material><mattext texttype="text/html">It defines the character encoding of the document.</mattext></material></response_label><response_label ident="64b7a3778e0a0fa777763500d38b70053449ac842e00ae5499cfc49adec06d25b2ae7ce30d70bb87"><material><mattext texttype="text/html">It is important for search engine optimization (SEO) and provides a title for the page in search engine results.</mattext></material></response_label><response_label ident="1c05ee75b2634b6bfc2efb45eba094a9e1ed5cbedb946b08415510eff9dd8b527b39530d998469f6"><material><mattext texttype="text/html">It is optional and does not affect the page display.</mattext></material></response_label></render_choice></response_lid></presentation><resprocessing><outcomes><decvar maxvalue="100" minvalue="0" varname="SCORE" vartype="Decimal"/></outcomes><respcondition continue="No"><conditionvar><varequal respident="response1">64b7a3778e0a0fa777763500d38b70053449ac842e00ae5499cfc49adec06d25b2ae7ce30d70bb87</varequal></conditionvar><setvar actoin="Set" varname="SCORE">100</setvar></respcondition></resprocessing></item></section></assessment></questestinterop>
