<?xml version="1.0" encoding="UTF-8"?>
<questestinterop xmlns="http://www.imsglobal.org/xsd/ims_qtiasiv1p2" xmlns:xsi="http://www.w3.org/2001/XMLSchema-instance" xsi:schemaLocation="http://www.imsglobal.org/xsd/ims_qtiasiv1p2 http://www.imsglobal.org/xsd/ims_qtiasiv1p2p1.xsd"><assessment ident="a57622fbbeda36d27fd17e7a5c50f1ec686901e57cd777b808fe1cbc7deadd91a4f6c8e46c4e4bcf" title="GitHub Web Interface"><qtimetadata><qtimetadatafield><fieldlabel>cc_maxattempts</fieldlabel><fieldentry>1</fieldentry></qtimetadatafield></qtimetadata><section ident="root_section"><item ident="a23bdd87187cc60b082e7b2e9be2b9fb19b0fea3740034bf48484ce253c5d7d10710ca8c9793feed" title="Question"><itemmetadata><qtimetadata><qtimetadatafield><fieldlabel>question_type</fieldlabel><fieldentry>multiple_choice_question</fieldentry></qtimetadatafield><qtimetadatafield><fieldlabel>points_possible</fieldlabel><fieldentry>1</fieldentry></qtimetadatafield><qtimetadatafield><fieldlabel>original_answer_ids</fieldlabel><fieldentry>07bb19e21188d232eb9f5398c17780cc3ba34db6a0a150149637f65b3d313fd70a6a3fbc86d660f4,3a2fad756cf5e2b60438c9704512f33fdb60fe228e569d89674424e503789f871aab4add0ccc54f2,37f571e95456f71edd358b6756c4f680165c138286155b04f79c6dc7849f7acd5f4ccdc2e528c644,abdd221c246e5baebdc91bea6d51034b0b33fe40deace29a58a16cc4cc611f185554700db765c0b1</fieldentry></qtimetadatafield><qtimetadatafield><fieldlabel>assessment_question_identifierref</fieldlabel><fieldentry>d67452c797fd81f550dd76324a882e65d21150496e5559b659bd697d8a0abbfe92047c37f7d47cb0</fieldentry></qtimetadatafield></qtimetadata></itemmetadata><presentation><material><mattext texttype="text/html">do you create a new repository on GitHub?</mattext></material><response_lid ident="response1" rcardinality="Single"><render_choice><response_label ident="07bb19e21188d232eb9f5398c17780cc3ba34db6a0a150149637f65b3d313fd70a6a3fbc86d660f4"><material><mattext texttype="text/html">Click on the 'File' menu and select 'New Repository'.</mattext></material></response_label><response_label ident="3a2fad756cf5e2b60438c9704512f33fdb60fe228e569d89674424e503789f871aab4add0ccc54f2"><material><mattext texttype="text/html">Go to your profile settings and select 'Create New Repository'.</mattext></material></response_label><response_label ident="37f571e95456f71edd358b6756c4f680165c138286155b04f79c6dc7849f7acd5f4ccdc2e528c644"><material><mattext texttype="text/html">Click on the 'Repositories' tab and then 'New'.</mattext></material></response_label><response_label ident="abdd221c246e5baebdc91bea6d51034b0b33fe40deace29a58a16cc4cc611f185554700db765c0b1"><material><mattext texttype="text/html">Click on the '+' icon at the top right corner of the GitHub homepage and select 'New repository'.</mattext></material></response_label></render_choice></response_lid></presentation><resprocessing><outcomes><decvar maxvalue="100" minvalue="0" varname="SCORE" vartype="Decimal"/></outcomes><respcondition continue="No"><conditionvar><varequal respident="response1">abdd221c246e5baebdc91bea6d51034b0b33fe40deace29a58a16cc4cc611f185554700db765c0b1</varequal></conditionvar><setvar actoin="Set" varname="SCORE">100</setvar></respcondition></resprocessing></item><item ident="ece2105f96ff7216e13a12ab46366f71777e2356422f81146f610f7f51eca5bdbfbdcd66a1b784fd" title="Question"><itemmetadata><qtimetadata><qtimetadatafield><fieldlabel>question_type</fieldlabel><fieldentry>multiple_choice_question</fieldentry></qtimetadatafield><qtimetadatafield><fieldlabel>points_possible</fieldlabel><fieldentry>1</fieldentry></qtimetadatafield><qtimetadatafield><fieldlabel>original_answer_ids</fieldlabel><fieldentry>a685c08e609a417a435414c7398a910ceb1320aa68ae0fe9f86ba9d178df87c33760346ce1b1c316,f948c14689aeae0b7c2ee8dde0ce751ca416a2850f657e39fff62a602db1da9308b380f2dea63187,deb3aece89da640a3503683523b65f5b44eccd8816d76dcf3a6f86d9c8be2762b24994584f27eabf,04da6a0a7280fdf9a86fc9e0ad8905af4a2aa8c3a8edf8131cdafb645ca2776415c177672221db4f</fieldentry></qtimetadatafield><qtimetadatafield><fieldlabel>assessment_question_identifierref</fieldlabel><fieldentry>d2ada34f8b837999dae322c80f3045b98af38a1d31f04cbd78bdb340eb714124a7bb4ab7450cad8c</fieldentry></qtimetadatafield></qtimetadata></itemmetadata><presentation><material><mattext texttype="text/html">can you add a description for your new repository?</mattext></material><response_lid ident="response1" rcardinality="Single"><render_choice><response_label ident="a685c08e609a417a435414c7398a910ceb1320aa68ae0fe9f86ba9d178df87c33760346ce1b1c316"><material><mattext texttype="text/html">After you have added the repository name.</mattext></material></response_label><response_label ident="f948c14689aeae0b7c2ee8dde0ce751ca416a2850f657e39fff62a602db1da9308b380f2dea63187"><material><mattext texttype="text/html">Before you add the repository name.</mattext></material></response_label><response_label ident="deb3aece89da640a3503683523b65f5b44eccd8816d76dcf3a6f86d9c8be2762b24994584f27eabf"><material><mattext texttype="text/html">Both before and after you add the repository name.</mattext></material></response_label><response_label ident="04da6a0a7280fdf9a86fc9e0ad8905af4a2aa8c3a8edf8131cdafb645ca2776415c177672221db4f"><material><mattext texttype="text/html">Nowhere, you cannot add a description to a repository.</mattext></material></response_label></render_choice></response_lid></presentation><resprocessing><outcomes><decvar maxvalue="100" minvalue="0" varname="SCORE" vartype="Decimal"/></outcomes><respcondition continue="No"><conditionvar><varequal respident="response1">deb3aece89da640a3503683523b65f5b44eccd8816d76dcf3a6f86d9c8be2762b24994584f27eabf</varequal></conditionvar><setvar actoin="Set" varname="SCORE">100</setvar></respcondition></resprocessing></item><item ident="db6b737e1c004ea9e14df2eac02f0c77e02423a7971c87cb267b2f89b78bff07c010d7a53fa62e5c" title="Question"><itemmetadata><qtimetadata><qtimetadatafield><fieldlabel>question_type</fieldlabel><fieldentry>multiple_choice_question</fieldentry></qtimetadatafield><qtimetadatafield><fieldlabel>points_possible</fieldlabel><fieldentry>1</fieldentry></qtimetadatafield><qtimetadatafield><fieldlabel>original_answer_ids</fieldlabel><fieldentry>172d1e1510ee743e792018a5008ee20d61fcac718f5c6889bc08515089434b6a3e0261fc8f94309e,90ae85aa177d32fbfacd4126553ae5874d5d2d2d09dca6fdf350a700871bca11a88c602102824117,60b75c438c989663446c3b550358a0f6f26be496dd6a8967a61ad002861373160f04a5bb568bd5b0,490f81fdc43b978ef7a3e673d6ba4929fe0bc17ed73133a97f8c77ad950059ce4e97a99a203206e2</fieldentry></qtimetadatafield><qtimetadatafield><fieldlabel>assessment_question_identifierref</fieldlabel><fieldentry>3f165a3d4eaa7eb3cb7c804d877e2c47b49e442efc56ffc8af58de454a993028c2e43c1caf46bbc1</fieldentry></qtimetadatafield></qtimetadata></itemmetadata><presentation><material><mattext texttype="text/html">can you add your instructor as a collaborator to your GitHub repository?</mattext></material><response_lid ident="response1" rcardinality="Single"><render_choice><response_label ident="172d1e1510ee743e792018a5008ee20d61fcac718f5c6889bc08515089434b6a3e0261fc8f94309e"><material><mattext texttype="text/html">Go to 'Settings', then 'Security' and select 'Add collaborator'.</mattext></material></response_label><response_label ident="90ae85aa177d32fbfacd4126553ae5874d5d2d2d09dca6fdf350a700871bca11a88c602102824117"><material><mattext texttype="text/html">Go to 'Settings', then 'Manage access' and select 'Invite a collaborator'.</mattext></material></response_label><response_label ident="60b75c438c989663446c3b550358a0f6f26be496dd6a8967a61ad002861373160f04a5bb568bd5b0"><material><mattext texttype="text/html">Go to 'Settings', then 'Privacy' and select 'Add collaborator'.</mattext></material></response_label><response_label ident="490f81fdc43b978ef7a3e673d6ba4929fe0bc17ed73133a97f8c77ad950059ce4e97a99a203206e2"><material><mattext texttype="text/html">Go to 'Settings', then 'Accounts' and select 'Add collaborator'.</mattext></material></response_label></render_choice></response_lid></presentation><resprocessing><outcomes><decvar maxvalue="100" minvalue="0" varname="SCORE" vartype="Decimal"/></outcomes><respcondition continue="No"><conditionvar><varequal respident="response1">90ae85aa177d32fbfacd4126553ae5874d5d2d2d09dca6fdf350a700871bca11a88c602102824117</varequal></conditionvar><setvar actoin="Set" varname="SCORE">100</setvar></respcondition></resprocessing></item><item ident="df2efe33ea7a5701284d5c19fb16dba4945bd074167d6e21eaf8e9fc0d10aa02384a908c8030cebf" title="Question"><itemmetadata><qtimetadata><qtimetadatafield><fieldlabel>question_type</fieldlabel><fieldentry>multiple_choice_question</fieldentry></qtimetadatafield><qtimetadatafield><fieldlabel>points_possible</fieldlabel><fieldentry>1</fieldentry></qtimetadatafield><qtimetadatafield><fieldlabel>original_answer_ids</fieldlabel><fieldentry>0df2c7b00bd5c3d13b91b08dae1b81417c6cc610d7a11da1e5e5e3028024756e81cb3cd4addc50f4,d98d5c46aca454d3539a4664392d9ffd775c58729941d380bf692e13d20a7f97eaee760102c64d74,f81f40981cc7994e93cb09a465d82496fd1b5d7ec0022b2918a0347300b09f2c478f836bab0c57f1,7b6f812a1adc791850ae46d7614c466e8858508443ccd153e36d9295fed0f76763dc229d3e4fb70f</fieldentry></qtimetadatafield><qtimetadatafield><fieldlabel>assessment_question_identifierref</fieldlabel><fieldentry>c0e527639d579307827975dc88c9e3f2249dd013952f04d0e1b683a2ac790f1abb3f5e46291cd315</fieldentry></qtimetadatafield></qtimetadata></itemmetadata><presentation><material><mattext texttype="text/html">do you upload a file to your GitHub repository?</mattext></material><response_lid ident="response1" rcardinality="Single"><render_choice><response_label ident="0df2c7b00bd5c3d13b91b08dae1b81417c6cc610d7a11da1e5e5e3028024756e81cb3cd4addc50f4"><material><mattext texttype="text/html">Click 'Add file', select 'Download files', find the file on your computer and then commit the changes.</mattext></material></response_label><response_label ident="d98d5c46aca454d3539a4664392d9ffd775c58729941d380bf692e13d20a7f97eaee760102c64d74"><material><mattext texttype="text/html">Click 'Upload file', find the file on your computer and then commit the changes.</mattext></material></response_label><response_label ident="f81f40981cc7994e93cb09a465d82496fd1b5d7ec0022b2918a0347300b09f2c478f836bab0c57f1"><material><mattext texttype="text/html">Click 'Add file', select 'Upload files', find the file on your computer and then commit the changes.</mattext></material></response_label><response_label ident="7b6f812a1adc791850ae46d7614c466e8858508443ccd153e36d9295fed0f76763dc229d3e4fb70f"><material><mattext texttype="text/html">Click 'Add file', find the file on your computer and then commit the changes.</mattext></material></response_label></render_choice></response_lid></presentation><resprocessing><outcomes><decvar maxvalue="100" minvalue="0" varname="SCORE" vartype="Decimal"/></outcomes><respcondition continue="No"><conditionvar><varequal respident="response1">f81f40981cc7994e93cb09a465d82496fd1b5d7ec0022b2918a0347300b09f2c478f836bab0c57f1</varequal></conditionvar><setvar actoin="Set" varname="SCORE">100</setvar></respcondition></resprocessing></item><item ident="13a094bf7b15891f940ccda5fba79b2688a73edb8a23bc90dc41ad9a1e2a93740d5e4799f0ff96d5" title="Question"><itemmetadata><qtimetadata><qtimetadatafield><fieldlabel>question_type</fieldlabel><fieldentry>multiple_choice_question</fieldentry></qtimetadatafield><qtimetadatafield><fieldlabel>points_possible</fieldlabel><fieldentry>1</fieldentry></qtimetadatafield><qtimetadatafield><fieldlabel>original_answer_ids</fieldlabel><fieldentry>376b5c43874d94b2cc291a09b292a738eec3feec2623962f3cf668c827a27fee07772864b5f52b97,f25af72213b15ded43083bfedfb993ea2e2234e4391bacde41582997b28fbb7831e7529279fc07f8,818f986f6e83af41a83beb277116ec45838bbde0c0dba140a43d662bbaf6c90252d24f96f039085a,2651b7bb9348b70676df992d6c85472e2b3761186d510a2f5309f4c9ca663d832aa4efa7da6192bf</fieldentry></qtimetadatafield><qtimetadatafield><fieldlabel>assessment_question_identifierref</fieldlabel><fieldentry>df9391e00e30bd4bf6b1e171fce3a1eaf519786fea839199219702544fda7f46cfe164b1aff5f56d</fieldentry></qtimetadatafield></qtimetadata></itemmetadata><presentation><material><mattext texttype="text/html">it possible to upload an empty folder via the GitHub web interface?</mattext></material><response_lid ident="response1" rcardinality="Single"><render_choice><response_label ident="376b5c43874d94b2cc291a09b292a738eec3feec2623962f3cf668c827a27fee07772864b5f52b97"><material><mattext texttype="text/html">No, GitHub does not support uploading of empty folders via the web interface.</mattext></material></response_label><response_label ident="f25af72213b15ded43083bfedfb993ea2e2234e4391bacde41582997b28fbb7831e7529279fc07f8"><material><mattext texttype="text/html">Yes, GitHub supports uploading of empty folders via the web interface.</mattext></material></response_label><response_label ident="818f986f6e83af41a83beb277116ec45838bbde0c0dba140a43d662bbaf6c90252d24f96f039085a"><material><mattext texttype="text/html">Yes, but only if the folder is named 'empty'.</mattext></material></response_label><response_label ident="2651b7bb9348b70676df992d6c85472e2b3761186d510a2f5309f4c9ca663d832aa4efa7da6192bf"><material><mattext texttype="text/html">No, but you can create an empty folder directly on the GitHub web interface.</mattext></material></response_label></render_choice></response_lid></presentation><resprocessing><outcomes><decvar maxvalue="100" minvalue="0" varname="SCORE" vartype="Decimal"/></outcomes><respcondition continue="No"><conditionvar><varequal respident="response1">376b5c43874d94b2cc291a09b292a738eec3feec2623962f3cf668c827a27fee07772864b5f52b97</varequal></conditionvar><setvar actoin="Set" varname="SCORE">100</setvar></respcondition></resprocessing></item></section></assessment></questestinterop>
