<?xml version="1.0" encoding="UTF-8"?>
<questestinterop xmlns="http://www.imsglobal.org/xsd/ims_qtiasiv1p2" xmlns:xsi="http://www.w3.org/2001/XMLSchema-instance" xsi:schemaLocation="http://www.imsglobal.org/xsd/ims_qtiasiv1p2 http://www.imsglobal.org/xsd/ims_qtiasiv1p2p1.xsd"><assessment ident="cf00a9798105149158e6ac0c1678dfb0ef21f0537dac92b2176c49773ced3b34593d85a7b38066e3" title="media queries"><qtimetadata><qtimetadatafield><fieldlabel>cc_maxattempts</fieldlabel><fieldentry>1</fieldentry></qtimetadatafield></qtimetadata><section ident="root_section"><item ident="125998df192fd0fa5d710506ea951804fb0fd7d22781786d45c3766fd625f701deccb3010b1c405e" title="Question"><itemmetadata><qtimetadata><qtimetadatafield><fieldlabel>question_type</fieldlabel><fieldentry>short_answer_question</fieldentry></qtimetadatafield><qtimetadatafield><fieldlabel>points_possible</fieldlabel><fieldentry>1</fieldentry></qtimetadatafield><qtimetadatafield><fieldlabel>original_answer_ids</fieldlabel><fieldentry>6c43321edf84e25b73ac026ea4fd09791aa5dd828a8d3114d8d2eba0d09596e8335bfaba0610b7de</fieldentry></qtimetadatafield><qtimetadatafield><fieldlabel>assessment_question_identifierref</fieldlabel><fieldentry>f523d9601bdc5ebb3c7ae6eca15aeb227f0d0dfdb15a7c57dce543630d0bb42579cc7ea514a04a6b</fieldentry></qtimetadatafield></qtimetadata></itemmetadata><presentation><material><mattext texttype="text/html">What is the CSS at-rule used for applying styles based on media type and device characteristics?</mattext></material><response_str ident="response1" rcardinality="Single"><render_fib><response_label ident="answer1" rshuffle="No"/></render_fib></response_str></presentation><resprocessing><outcomes><decvar maxvalue="100" minvalue="0" varname="SCORE" vartype="Decimal"/></outcomes><respcondition continue="No"><conditionvar><varequal respident="response1">@media</varequal></conditionvar><setvar actoin="Set" varname="SCORE">100</setvar></respcondition></resprocessing></item><item ident="d1548bcf5d436e360636002deb6ab2226b1e4f9acdca56e167b0570bc1319f94aea2cb0694bb6139" title="Question"><itemmetadata><qtimetadata><qtimetadatafield><fieldlabel>question_type</fieldlabel><fieldentry>short_answer_question</fieldentry></qtimetadatafield><qtimetadatafield><fieldlabel>points_possible</fieldlabel><fieldentry>1</fieldentry></qtimetadatafield><qtimetadatafield><fieldlabel>original_answer_ids</fieldlabel><fieldentry>3540f1e6dcf7fcbe9d3c02690c97e652d68f50c20722506f3bb92a02c054587e33723e3278dc3763</fieldentry></qtimetadatafield><qtimetadatafield><fieldlabel>assessment_question_identifierref</fieldlabel><fieldentry>6bcd83251b8f03315b6810c2474df054c69af554b8f31dff81f141696e24d1011466bb7528b854ea</fieldentry></qtimetadatafield></qtimetadata></itemmetadata><presentation><material><mattext texttype="text/html">How would you write a media query to apply styles only for screens smaller than 768 pixels wide?</mattext></material><response_str ident="response1" rcardinality="Single"><render_fib><response_label ident="answer1" rshuffle="No"/></render_fib></response_str></presentation><resprocessing><outcomes><decvar maxvalue="100" minvalue="0" varname="SCORE" vartype="Decimal"/></outcomes><respcondition continue="No"><conditionvar><varequal respident="response1">@media (max-width: 768px) { }</varequal></conditionvar><setvar actoin="Set" varname="SCORE">100</setvar></respcondition></resprocessing></item><item ident="2dea51e7ab7e47ca4a50c148c71be219c51ef7a4a77dad92729b9a81085224fb3afc70779b7af8b8" title="Question"><itemmetadata><qtimetadata><qtimetadatafield><fieldlabel>question_type</fieldlabel><fieldentry>short_answer_question</fieldentry></qtimetadatafield><qtimetadatafield><fieldlabel>points_possible</fieldlabel><fieldentry>1</fieldentry></qtimetadatafield><qtimetadatafield><fieldlabel>original_answer_ids</fieldlabel><fieldentry>9acb733c204d2017214adda28f91d402a99d0198c6559695435d63d8ce759e78ee30b07235ee1377</fieldentry></qtimetadatafield><qtimetadatafield><fieldlabel>assessment_question_identifierref</fieldlabel><fieldentry>2baeb9fef2ba4b123bb8844350e978b7f39bd5e69ac02d6a58be6a9d446c15f428dffa90b5feca5c</fieldentry></qtimetadatafield></qtimetadata></itemmetadata><presentation><material><mattext texttype="text/html">What CSS property and value would you use to make an image scale with the width of its parent container, making it responsive?</mattext></material><response_str ident="response1" rcardinality="Single"><render_fib><response_label ident="answer1" rshuffle="No"/></render_fib></response_str></presentation><resprocessing><outcomes><decvar maxvalue="100" minvalue="0" varname="SCORE" vartype="Decimal"/></outcomes><respcondition continue="No"><conditionvar><varequal respident="response1">width: 100%;</varequal></conditionvar><setvar actoin="Set" varname="SCORE">100</setvar></respcondition></resprocessing></item><item ident="b0e26c8c90dace7e6120ffcce9c37b98f40831082e634cd9f8e83043ecf23b0b51887cf3c48cb354" title="Question"><itemmetadata><qtimetadata><qtimetadatafield><fieldlabel>question_type</fieldlabel><fieldentry>short_answer_question</fieldentry></qtimetadatafield><qtimetadatafield><fieldlabel>points_possible</fieldlabel><fieldentry>1</fieldentry></qtimetadatafield><qtimetadatafield><fieldlabel>original_answer_ids</fieldlabel><fieldentry>b7af97339c3424ac02ce13162891515105bb925e5675d81523709093fef517a9f338fa6bfef777bb</fieldentry></qtimetadatafield><qtimetadatafield><fieldlabel>assessment_question_identifierref</fieldlabel><fieldentry>2b7a4665b3c0ca024685b0d5328a6566b51bae63aaee5f38f7cc44a412d43fa867966df66473c387</fieldentry></qtimetadatafield></qtimetadata></itemmetadata><presentation><material><mattext texttype="text/html">Which of the following media features would you use to target devices in portrait orientation?</mattext></material><response_str ident="response1" rcardinality="Single"><render_fib><response_label ident="answer1" rshuffle="No"/></render_fib></response_str></presentation><resprocessing><outcomes><decvar maxvalue="100" minvalue="0" varname="SCORE" vartype="Decimal"/></outcomes><respcondition continue="No"><conditionvar><varequal respident="response1">orientation: portrait</varequal></conditionvar><setvar actoin="Set" varname="SCORE">100</setvar></respcondition></resprocessing></item><item ident="cc2343acd200fae9df5bfc01dab754db7919e5aaf42cb78d9f18bab02cd60c50cb85a4e26ce35077" title="Question"><itemmetadata><qtimetadata><qtimetadatafield><fieldlabel>question_type</fieldlabel><fieldentry>short_answer_question</fieldentry></qtimetadatafield><qtimetadatafield><fieldlabel>points_possible</fieldlabel><fieldentry>1</fieldentry></qtimetadatafield><qtimetadatafield><fieldlabel>original_answer_ids</fieldlabel><fieldentry>7bcd899d151399eb11ce017d407100d2ce7f8a2bbd4c926e660b15a8787816c7102391dd1d3ab3d3</fieldentry></qtimetadatafield><qtimetadatafield><fieldlabel>assessment_question_identifierref</fieldlabel><fieldentry>3ae8758b390d9cca911da4c05c3faac4921714ad10dbac5c21f7671c40722c6fc270fcf7dca20946</fieldentry></qtimetadatafield></qtimetadata></itemmetadata><presentation><material><mattext texttype="text/html">If you want to hide an element only on screens smaller than 600px wide, what would be the correct media query?</mattext></material><response_str ident="response1" rcardinality="Single"><render_fib><response_label ident="answer1" rshuffle="No"/></render_fib></response_str></presentation><resprocessing><outcomes><decvar maxvalue="100" minvalue="0" varname="SCORE" vartype="Decimal"/></outcomes><respcondition continue="No"><conditionvar><varequal respident="response1">@media (max-width: 600px) { element { display: none; } }</varequal></conditionvar><setvar actoin="Set" varname="SCORE">100</setvar></respcondition></resprocessing></item><item ident="e7d31ab3ce03d75a3870447a305110dde0938952189e3017b2cf9c24d0c86b74e5de58130a1db31c" title="Question"><itemmetadata><qtimetadata><qtimetadatafield><fieldlabel>question_type</fieldlabel><fieldentry>short_answer_question</fieldentry></qtimetadatafield><qtimetadatafield><fieldlabel>points_possible</fieldlabel><fieldentry>1</fieldentry></qtimetadatafield><qtimetadatafield><fieldlabel>original_answer_ids</fieldlabel><fieldentry>1531928754c68bbbaf162e56d82bc7a79ca956380cd799b972a51c0ca396d93e58ff3dcbd0396650</fieldentry></qtimetadatafield><qtimetadatafield><fieldlabel>assessment_question_identifierref</fieldlabel><fieldentry>23ef444e5ee52735faf50866606b1290ca763f608a229431cba331403b24a0e0ceabd90c393df722</fieldentry></qtimetadatafield></qtimetadata></itemmetadata><presentation><material><mattext texttype="text/html">What is the purpose of the "viewport" meta tag in responsive web design?</mattext></material><response_str ident="response1" rcardinality="Single"><render_fib><response_label ident="answer1" rshuffle="No"/></render_fib></response_str></presentation><resprocessing><outcomes><decvar maxvalue="100" minvalue="0" varname="SCORE" vartype="Decimal"/></outcomes><respcondition continue="No"><conditionvar><varequal respident="response1">It controls the page's dimensions and scaling for different devices.</varequal></conditionvar><setvar actoin="Set" varname="SCORE">100</setvar></respcondition></resprocessing></item><item ident="3fee48c991c67d71f10ab0aacc8bc4076e63d7075d264d8bfe8b8923a40b0bc7dcead169c39a21de" title="Question"><itemmetadata><qtimetadata><qtimetadatafield><fieldlabel>question_type</fieldlabel><fieldentry>short_answer_question</fieldentry></qtimetadatafield><qtimetadatafield><fieldlabel>points_possible</fieldlabel><fieldentry>1</fieldentry></qtimetadatafield><qtimetadatafield><fieldlabel>original_answer_ids</fieldlabel><fieldentry>e77c42c50113d8efa49b69af37acb0fe31fb9cff83e74ae5b58c78538193662fea47bd777719fefe</fieldentry></qtimetadatafield><qtimetadatafield><fieldlabel>assessment_question_identifierref</fieldlabel><fieldentry>2df19c9f783188b0a4782945aec770f925005c6b641ba320fd1f1338ce70c4605eab200d38a921bd</fieldentry></qtimetadatafield></qtimetadata></itemmetadata><presentation><material><mattext texttype="text/html">How would you use a media query to apply styles for screens greater than 992px and less than 1200px wide?</mattext></material><response_str ident="response1" rcardinality="Single"><render_fib><response_label ident="answer1" rshuffle="No"/></render_fib></response_str></presentation><resprocessing><outcomes><decvar maxvalue="100" minvalue="0" varname="SCORE" vartype="Decimal"/></outcomes><respcondition continue="No"><conditionvar><varequal respident="response1">@media (min-width: 993px) and (max-width: 1200px) { }</varequal></conditionvar><setvar actoin="Set" varname="SCORE">100</setvar></respcondition></resprocessing></item><item ident="462608d28bea8032609a8e0449d94627da9290c63db161cc7e3ffeab1e15c984b2a851f11cb47d8d" title="Question"><itemmetadata><qtimetadata><qtimetadatafield><fieldlabel>question_type</fieldlabel><fieldentry>multiple_choice_question</fieldentry></qtimetadatafield><qtimetadatafield><fieldlabel>points_possible</fieldlabel><fieldentry>1</fieldentry></qtimetadatafield><qtimetadatafield><fieldlabel>original_answer_ids</fieldlabel><fieldentry>6cd739cdac7268b6a2183bbcbc8f77c66cb053ea0e376873843a41857ef290d0811fa73112094bb4,38615fcb146d9d6751a014339f84f91c710d050b5b7cfd454eb2cde2d19be151e689fbc74579dd99,c7d5cbd4d06d064439c3824d8773098441da204328ff06212420e08156c4e865d90afec6bbd1453a,c75032ca0091074e5de37937fff8d827d0d54961956548f7af9d35b8bbbc65bc5dc389e78288cc9a</fieldentry></qtimetadatafield><qtimetadatafield><fieldlabel>assessment_question_identifierref</fieldlabel><fieldentry>477a795dd355ba71a77a6c846f5cce1de59c7339cf455feff9d785b882c1ffd17e1a51b428702e15</fieldentry></qtimetadatafield></qtimetadata></itemmetadata><presentation><material><mattext texttype="text/html">Which of the following values is NOT a valid value for the CSS display property to create a grid?</mattext></material><response_lid ident="response1" rcardinality="Single"><render_choice><response_label ident="6cd739cdac7268b6a2183bbcbc8f77c66cb053ea0e376873843a41857ef290d0811fa73112094bb4"><material><mattext texttype="text/html">grid</mattext></material></response_label><response_label ident="38615fcb146d9d6751a014339f84f91c710d050b5b7cfd454eb2cde2d19be151e689fbc74579dd99"><material><mattext texttype="text/html">inline-grid</mattext></material></response_label><response_label ident="c7d5cbd4d06d064439c3824d8773098441da204328ff06212420e08156c4e865d90afec6bbd1453a"><material><mattext texttype="text/html">responsive-grid</mattext></material></response_label><response_label ident="c75032ca0091074e5de37937fff8d827d0d54961956548f7af9d35b8bbbc65bc5dc389e78288cc9a"><material><mattext texttype="text/html">subgrid</mattext></material></response_label></render_choice></response_lid></presentation><resprocessing><outcomes><decvar maxvalue="100" minvalue="0" varname="SCORE" vartype="Decimal"/></outcomes><respcondition continue="No"><conditionvar><varequal respident="response1">c7d5cbd4d06d064439c3824d8773098441da204328ff06212420e08156c4e865d90afec6bbd1453a</varequal></conditionvar><setvar actoin="Set" varname="SCORE">100</setvar></respcondition></resprocessing></item><item ident="0a77fedb26e275bf889b2edd53236082e1644db76a31b2730e0bccdb6f7facaf1a60193cfba90408" title="Question"><itemmetadata><qtimetadata><qtimetadatafield><fieldlabel>question_type</fieldlabel><fieldentry>short_answer_question</fieldentry></qtimetadatafield><qtimetadatafield><fieldlabel>points_possible</fieldlabel><fieldentry>1</fieldentry></qtimetadatafield><qtimetadatafield><fieldlabel>original_answer_ids</fieldlabel><fieldentry>a5f7050b0fc3aa4d2e13431a52bc80d4ed3ce5288c7b979d963b852261106c044cdd3b2ff09a550e</fieldentry></qtimetadatafield><qtimetadatafield><fieldlabel>assessment_question_identifierref</fieldlabel><fieldentry>55920db0305b356ea501d6f4339db348d50a1a427bd709e014cc21dc95e02002e4b6a31d5c08c9ef</fieldentry></qtimetadatafield></qtimetadata></itemmetadata><presentation><material><mattext texttype="text/html">If you want to change the font size of a paragraph element only on print, what would be the correct media query?</mattext></material><response_str ident="response1" rcardinality="Single"><render_fib><response_label ident="answer1" rshuffle="No"/></render_fib></response_str></presentation><resprocessing><outcomes><decvar maxvalue="100" minvalue="0" varname="SCORE" vartype="Decimal"/></outcomes><respcondition continue="No"><conditionvar><varequal respident="response1">@media print { p { font-size: 14pt; } }</varequal></conditionvar><setvar actoin="Set" varname="SCORE">100</setvar></respcondition></resprocessing></item><item ident="4f1e8d5e27d37f02e8f04906b9e6a7d0318915eab40a5788d20f6aea63fb5360f0258b97bb2b8992" title="Question"><itemmetadata><qtimetadata><qtimetadatafield><fieldlabel>question_type</fieldlabel><fieldentry>short_answer_question</fieldentry></qtimetadatafield><qtimetadatafield><fieldlabel>points_possible</fieldlabel><fieldentry>1</fieldentry></qtimetadatafield><qtimetadatafield><fieldlabel>original_answer_ids</fieldlabel><fieldentry>ede5d024d4a8dd5a101a5ab77cc02f101ce9f32a4726d73c7e2379f6b56947c97d94d4f99b86c232</fieldentry></qtimetadatafield><qtimetadatafield><fieldlabel>assessment_question_identifierref</fieldlabel><fieldentry>51a7104627bad23f4bacd7a7b4402b65b54a83384008e6761b87a16cb0134a12337099f63cc4a366</fieldentry></qtimetadatafield></qtimetadata></itemmetadata><presentation><material><mattext texttype="text/html">In a responsive design, what CSS unit allows font sizes to scale smoothly between different screen sizes, potentially providing a better user experience?</mattext></material><response_str ident="response1" rcardinality="Single"><render_fib><response_label ident="answer1" rshuffle="No"/></render_fib></response_str></presentation><resprocessing><outcomes><decvar maxvalue="100" minvalue="0" varname="SCORE" vartype="Decimal"/></outcomes><respcondition continue="No"><conditionvar><varequal respident="response1">rem</varequal></conditionvar><setvar actoin="Set" varname="SCORE">100</setvar></respcondition></resprocessing></item></section></assessment></questestinterop>
