<?xml version="1.0" encoding="UTF-8"?>
<questestinterop xmlns="http://www.imsglobal.org/xsd/ims_qtiasiv1p2" xmlns:xsi="http://www.w3.org/2001/XMLSchema-instance" xsi:schemaLocation="http://www.imsglobal.org/xsd/ims_qtiasiv1p2 http://www.imsglobal.org/xsd/ims_qtiasiv1p2p1.xsd"><assessment ident="ce28b7ada44c37e98990fe8bec33b1e71fee70192b8bb90281742d7565be1bc09934c9ccbf3321ae" title="lists"><qtimetadata><qtimetadatafield><fieldlabel>cc_maxattempts</fieldlabel><fieldentry>1</fieldentry></qtimetadatafield></qtimetadata><section ident="root_section"><item ident="1e7ed14aa2616893bef2f8d63a6aa60453f90b179ad3a3b0e06d955d47de8517df9af35a7a14a327" title="Question"><itemmetadata><qtimetadata><qtimetadatafield><fieldlabel>question_type</fieldlabel><fieldentry>multiple_choice_question</fieldentry></qtimetadatafield><qtimetadatafield><fieldlabel>points_possible</fieldlabel><fieldentry>1</fieldentry></qtimetadatafield><qtimetadatafield><fieldlabel>original_answer_ids</fieldlabel><fieldentry>48838b52cd790aaadf60bf34c5a5cf7e9a17f320eb8aed45f6fb3f619ac887d7c6b7b33fb8b918d7,f6d3dfc4cfabe95b1fc22ff776c8c477fe5462b240b86eb07fe3786bbc869232e533e555a2fade66,b273177efc53d29d514c6724482fd788fa6ff56161340755162ee7a704ff716b63aab247ed3faffd,83cbdf98f7651dbf6422cc3ae471d96a575e7632d8156a8971ef16053d5a9ccc201d49162aaac0e6</fieldentry></qtimetadatafield><qtimetadatafield><fieldlabel>assessment_question_identifierref</fieldlabel><fieldentry>836ecb9b86415a59a3a56f3fe420f28df8ecc15b353e6aff3c6b707a97718b8aceb329407a9d8402</fieldentry></qtimetadatafield></qtimetadata></itemmetadata><presentation><material><mattext texttype="text/html">What tag is used to create an ordered list in HTML?</mattext></material><response_lid ident="response1" rcardinality="Single"><render_choice><response_label ident="48838b52cd790aaadf60bf34c5a5cf7e9a17f320eb8aed45f6fb3f619ac887d7c6b7b33fb8b918d7"><material><mattext texttype="text/html">ul</mattext></material></response_label><response_label ident="f6d3dfc4cfabe95b1fc22ff776c8c477fe5462b240b86eb07fe3786bbc869232e533e555a2fade66"><material><mattext texttype="text/html">ol</mattext></material></response_label><response_label ident="b273177efc53d29d514c6724482fd788fa6ff56161340755162ee7a704ff716b63aab247ed3faffd"><material><mattext texttype="text/html">li</mattext></material></response_label><response_label ident="83cbdf98f7651dbf6422cc3ae471d96a575e7632d8156a8971ef16053d5a9ccc201d49162aaac0e6"><material><mattext texttype="text/html">dl</mattext></material></response_label></render_choice></response_lid></presentation><resprocessing><outcomes><decvar maxvalue="100" minvalue="0" varname="SCORE" vartype="Decimal"/></outcomes><respcondition continue="No"><conditionvar><varequal respident="response1">f6d3dfc4cfabe95b1fc22ff776c8c477fe5462b240b86eb07fe3786bbc869232e533e555a2fade66</varequal></conditionvar><setvar actoin="Set" varname="SCORE">100</setvar></respcondition></resprocessing></item><item ident="efceb13e562df26c54e942097e851a20f3650d27fd41333883845873abe24f9a591d56fdbc28eb86" title="Question"><itemmetadata><qtimetadata><qtimetadatafield><fieldlabel>question_type</fieldlabel><fieldentry>short_answer_question</fieldentry></qtimetadatafield><qtimetadatafield><fieldlabel>points_possible</fieldlabel><fieldentry>1</fieldentry></qtimetadatafield><qtimetadatafield><fieldlabel>original_answer_ids</fieldlabel><fieldentry>8af07b065c01a56b2fc9ee5850040aeac07467e2d30995870788d6f3048b43fa21d2687be72e9dbc</fieldentry></qtimetadatafield><qtimetadatafield><fieldlabel>assessment_question_identifierref</fieldlabel><fieldentry>e1a079407359ad53d12774f5e42077b918ce42ea7e5ef020d3eef34375f8b39afc9c95f88fdba5a5</fieldentry></qtimetadatafield></qtimetadata></itemmetadata><presentation><material><mattext texttype="text/html">In an unordered list, what tag is used for each list item?</mattext></material><response_str ident="response1" rcardinality="Single"><render_fib><response_label ident="answer1" rshuffle="No"/></render_fib></response_str></presentation><resprocessing><outcomes><decvar maxvalue="100" minvalue="0" varname="SCORE" vartype="Decimal"/></outcomes><respcondition continue="No"><conditionvar><varequal respident="response1">li</varequal></conditionvar><setvar actoin="Set" varname="SCORE">100</setvar></respcondition></resprocessing></item><item ident="3735beaf42670e21325177d08b503d3e61139a92e23d8069cb94d5a247623fb04dbfeb940ff7807d" title="Question"><itemmetadata><qtimetadata><qtimetadatafield><fieldlabel>question_type</fieldlabel><fieldentry>multiple_choice_question</fieldentry></qtimetadatafield><qtimetadatafield><fieldlabel>points_possible</fieldlabel><fieldentry>1</fieldentry></qtimetadatafield><qtimetadatafield><fieldlabel>original_answer_ids</fieldlabel><fieldentry>b95137eb79da3049519f657dcd606b57ee40d142e03ca74cf662bc300464de01b51a81426c030e20,a6ba650ce0ef277b7a9cea8783bbb353901c5b82c44918db07f78669f60adc64da0e3c2b04fb7f3c,9203b3852d925125fcebacabc03151b9054386e6bf86d5557d09fe85c60c7d977868719acedbeddc,44492fc912a61a738fff154ebd7a934e0cad82ae64d11ee6b4fce7ec31fcd66be5bf0514fe10778a</fieldentry></qtimetadatafield><qtimetadatafield><fieldlabel>assessment_question_identifierref</fieldlabel><fieldentry>3a72300e3807bca07e4e8f8982fbe45783e7c64322a650f5d85174cdea187f87a8d91dd31da6385e</fieldentry></qtimetadatafield></qtimetadata></itemmetadata><presentation><material><mattext texttype="text/html">How can you change the bullet style of an unordered list to square using CSS?</mattext></material><response_lid ident="response1" rcardinality="Single"><render_choice><response_label ident="b95137eb79da3049519f657dcd606b57ee40d142e03ca74cf662bc300464de01b51a81426c030e20"><material><mattext texttype="text/html">list-style: square;</mattext></material></response_label><response_label ident="a6ba650ce0ef277b7a9cea8783bbb353901c5b82c44918db07f78669f60adc64da0e3c2b04fb7f3c"><material><mattext texttype="text/html">list-type: square;</mattext></material></response_label><response_label ident="9203b3852d925125fcebacabc03151b9054386e6bf86d5557d09fe85c60c7d977868719acedbeddc"><material><mattext texttype="text/html">list-style-type: square;</mattext></material></response_label><response_label ident="44492fc912a61a738fff154ebd7a934e0cad82ae64d11ee6b4fce7ec31fcd66be5bf0514fe10778a"><material><mattext texttype="text/html">bullet-style: square;</mattext></material></response_label></render_choice></response_lid></presentation><resprocessing><outcomes><decvar maxvalue="100" minvalue="0" varname="SCORE" vartype="Decimal"/></outcomes><respcondition continue="No"><conditionvar><varequal respident="response1">9203b3852d925125fcebacabc03151b9054386e6bf86d5557d09fe85c60c7d977868719acedbeddc</varequal></conditionvar><setvar actoin="Set" varname="SCORE">100</setvar></respcondition></resprocessing></item><item ident="56f14b6690943a35554ca1bb20e8c54d11eaf2e1705e0972b3d92f69511fb63cc9e640afc4125e4c" title="Question"><itemmetadata><qtimetadata><qtimetadatafield><fieldlabel>question_type</fieldlabel><fieldentry>multiple_choice_question</fieldentry></qtimetadatafield><qtimetadatafield><fieldlabel>points_possible</fieldlabel><fieldentry>1</fieldentry></qtimetadatafield><qtimetadatafield><fieldlabel>original_answer_ids</fieldlabel><fieldentry>20d588db7d08023054a591dcb4589c2088555202162493d139619495493faf9abe5f69a415bcb9a0,494861b8954f75779613b701732d42b4153c94874cf8c2066a515271cbb5e40f89f191cd1f8ddf2f,3d76e4510f969b54fcd0878c556dd59e7f653bb28ff10be1933eba89af724e30046e7b83bf6a0eb5,eec08dc2f6ab60b33a37c5eb70ca1bb382ce634f2936ee501d7ef7d864d1382466b5f4cc0b40108c</fieldentry></qtimetadatafield><qtimetadatafield><fieldlabel>assessment_question_identifierref</fieldlabel><fieldentry>601409d18a0f8f861372b96d83ad7f9425c1b3281600042b0aec85233f157ccbf64fdbdf17ee3464</fieldentry></qtimetadatafield></qtimetadata></itemmetadata><presentation><material><mattext texttype="text/html">What tag is used to create a description list in HTML?</mattext></material><response_lid ident="response1" rcardinality="Single"><render_choice><response_label ident="20d588db7d08023054a591dcb4589c2088555202162493d139619495493faf9abe5f69a415bcb9a0"><material><mattext texttype="text/html">dd</mattext></material></response_label><response_label ident="494861b8954f75779613b701732d42b4153c94874cf8c2066a515271cbb5e40f89f191cd1f8ddf2f"><material><mattext texttype="text/html">dt</mattext></material></response_label><response_label ident="3d76e4510f969b54fcd0878c556dd59e7f653bb28ff10be1933eba89af724e30046e7b83bf6a0eb5"><material><mattext texttype="text/html">dl</mattext></material></response_label><response_label ident="eec08dc2f6ab60b33a37c5eb70ca1bb382ce634f2936ee501d7ef7d864d1382466b5f4cc0b40108c"><material><mattext texttype="text/html">ds</mattext></material></response_label></render_choice></response_lid></presentation><resprocessing><outcomes><decvar maxvalue="100" minvalue="0" varname="SCORE" vartype="Decimal"/></outcomes><respcondition continue="No"><conditionvar><varequal respident="response1">3d76e4510f969b54fcd0878c556dd59e7f653bb28ff10be1933eba89af724e30046e7b83bf6a0eb5</varequal></conditionvar><setvar actoin="Set" varname="SCORE">100</setvar></respcondition></resprocessing></item><item ident="6dcee0f3dee34ac73180a1a43cfbbc8c1dc1096d1b26da7789edecb9a4bae58de9f430fb838fbbfd" title="Question"><itemmetadata><qtimetadata><qtimetadatafield><fieldlabel>question_type</fieldlabel><fieldentry>short_answer_question</fieldentry></qtimetadatafield><qtimetadatafield><fieldlabel>points_possible</fieldlabel><fieldentry>1</fieldentry></qtimetadatafield><qtimetadatafield><fieldlabel>original_answer_ids</fieldlabel><fieldentry>64fc4ce4474390a0ad092824b12425ab6a912a18dbbd5271234ee7a185d56e561e10a9a9bcd7c411</fieldentry></qtimetadatafield><qtimetadatafield><fieldlabel>assessment_question_identifierref</fieldlabel><fieldentry>38ba9a0247f610c1002e3e58d8d8880c134c248fc50e9aaa9653827a8a325990f389c9a284f2725b</fieldentry></qtimetadatafield></qtimetadata></itemmetadata><presentation><material><mattext texttype="text/html">If you want to remove the bullets from an unordered list using CSS, what would be the correct property and value?</mattext></material><response_str ident="response1" rcardinality="Single"><render_fib><response_label ident="answer1" rshuffle="No"/></render_fib></response_str></presentation><resprocessing><outcomes><decvar maxvalue="100" minvalue="0" varname="SCORE" vartype="Decimal"/></outcomes><respcondition continue="No"><conditionvar><varequal respident="response1">list-style-type: none</varequal></conditionvar><setvar actoin="Set" varname="SCORE">100</setvar></respcondition></resprocessing></item><item ident="59fef13dfb234c0537195b4c7e5aec8dc3570ff81fd5fc43c26eab10d2743bd5274484f3eb957778" title="Question"><itemmetadata><qtimetadata><qtimetadatafield><fieldlabel>question_type</fieldlabel><fieldentry>multiple_choice_question</fieldentry></qtimetadatafield><qtimetadatafield><fieldlabel>points_possible</fieldlabel><fieldentry>1</fieldentry></qtimetadatafield><qtimetadatafield><fieldlabel>original_answer_ids</fieldlabel><fieldentry>8c6d5bbeeedd12823d81162443636e698c14526c35275ef74b896e6e4b29e9af722419c15a6eca88,24585ce1f7d6b68903a9dc5084e35c0b1b1b669a5fdd5e3fe655977b1c01a2c5fa36eb4df4d37e2d,d61b3522822fa34484294f2d0918f0f17f1e6f1ee220dd4d00c80b570a3026b9e8dcdf35d6e093d0,385578ad218bf7f811f10c7a9837e86db7d6e28f3acff6538a6476826294663b74dd03869e8adb68</fieldentry></qtimetadatafield><qtimetadatafield><fieldlabel>assessment_question_identifierref</fieldlabel><fieldentry>9cf782c0a8f5fbe69484c7e94f4cec8744f2f15c0ee5e89a93af1fa3a61d8c4d342a0230b2c31ae3</fieldentry></qtimetadatafield></qtimetadata></itemmetadata><presentation><material><mattext texttype="text/html">What tag is used in HTML to define the term in a description list?</mattext></material><response_lid ident="response1" rcardinality="Single"><render_choice><response_label ident="8c6d5bbeeedd12823d81162443636e698c14526c35275ef74b896e6e4b29e9af722419c15a6eca88"><material><mattext texttype="text/html">dd</mattext></material></response_label><response_label ident="24585ce1f7d6b68903a9dc5084e35c0b1b1b669a5fdd5e3fe655977b1c01a2c5fa36eb4df4d37e2d"><material><mattext texttype="text/html">dt</mattext></material></response_label><response_label ident="d61b3522822fa34484294f2d0918f0f17f1e6f1ee220dd4d00c80b570a3026b9e8dcdf35d6e093d0"><material><mattext texttype="text/html">dl</mattext></material></response_label><response_label ident="385578ad218bf7f811f10c7a9837e86db7d6e28f3acff6538a6476826294663b74dd03869e8adb68"><material><mattext texttype="text/html">li</mattext></material></response_label></render_choice></response_lid></presentation><resprocessing><outcomes><decvar maxvalue="100" minvalue="0" varname="SCORE" vartype="Decimal"/></outcomes><respcondition continue="No"><conditionvar><varequal respident="response1">24585ce1f7d6b68903a9dc5084e35c0b1b1b669a5fdd5e3fe655977b1c01a2c5fa36eb4df4d37e2d</varequal></conditionvar><setvar actoin="Set" varname="SCORE">100</setvar></respcondition></resprocessing></item><item ident="02786c162f3e19bada30f7338862260ac7d2074fac4b0f47e13be6bb39c84a3d26c4fd2089e2b376" title="Question"><itemmetadata><qtimetadata><qtimetadatafield><fieldlabel>question_type</fieldlabel><fieldentry>multiple_choice_question</fieldentry></qtimetadatafield><qtimetadatafield><fieldlabel>points_possible</fieldlabel><fieldentry>1</fieldentry></qtimetadatafield><qtimetadatafield><fieldlabel>original_answer_ids</fieldlabel><fieldentry>e82dbb958c47e0e6063e1c51e6da4cfea46afcce18dc8fa78e1e5ed711c45d27dec6a1d113b1b58d,0e2066dc60234a2c0707230ccf04e3a11ff33973374df0e0de99ea23b9a49051480f938dbfb1f87a,6227233bd79b97190010aaa02703b5f280908a81047c4f81afa593b1185a2e04afd9585fdf11748c,62797c612089321eb083d8aba74b13773cfe75ab6f47177051782b179908a673bb40180c45cc9342</fieldentry></qtimetadatafield><qtimetadatafield><fieldlabel>assessment_question_identifierref</fieldlabel><fieldentry>5912c2408b8f06849b7afdcc2a02ecc04d4614c5ce8db43168479bc67be1107542b4f7c8802d1639</fieldentry></qtimetadatafield></qtimetadata></itemmetadata><presentation><material><mattext texttype="text/html">Which CSS property is used to set the distance between the bullet point or number and the text in a list?</mattext></material><response_lid ident="response1" rcardinality="Single"><render_choice><response_label ident="e82dbb958c47e0e6063e1c51e6da4cfea46afcce18dc8fa78e1e5ed711c45d27dec6a1d113b1b58d"><material><mattext texttype="text/html">padding-left</mattext></material></response_label><response_label ident="0e2066dc60234a2c0707230ccf04e3a11ff33973374df0e0de99ea23b9a49051480f938dbfb1f87a"><material><mattext texttype="text/html">margin-left</mattext></material></response_label><response_label ident="6227233bd79b97190010aaa02703b5f280908a81047c4f81afa593b1185a2e04afd9585fdf11748c"><material><mattext texttype="text/html">text-indent</mattext></material></response_label><response_label ident="62797c612089321eb083d8aba74b13773cfe75ab6f47177051782b179908a673bb40180c45cc9342"><material><mattext texttype="text/html">Both a and b</mattext></material></response_label></render_choice></response_lid></presentation><resprocessing><outcomes><decvar maxvalue="100" minvalue="0" varname="SCORE" vartype="Decimal"/></outcomes><respcondition continue="No"><conditionvar><varequal respident="response1">62797c612089321eb083d8aba74b13773cfe75ab6f47177051782b179908a673bb40180c45cc9342</varequal></conditionvar><setvar actoin="Set" varname="SCORE">100</setvar></respcondition></resprocessing></item><item ident="7a9ae29a85f50caed7c3f18d3972dc6be390e3e988003edfe8252f86f3e8c02538d19553c665966f" title="Question"><itemmetadata><qtimetadata><qtimetadatafield><fieldlabel>question_type</fieldlabel><fieldentry>multiple_choice_question</fieldentry></qtimetadatafield><qtimetadatafield><fieldlabel>points_possible</fieldlabel><fieldentry>1</fieldentry></qtimetadatafield><qtimetadatafield><fieldlabel>original_answer_ids</fieldlabel><fieldentry>21b828c7dfea2a2fdbdba524e039de96ec2e6871b9e86d64db2017e089e3c95de78416914e57b427,66566aa7c537bf9947def02a846d4f4d6dbf2047e93e864c70f303e1fd095a161225990dd3ab5776,fa9fab33bd7f9dbfb9e742666a0ea5d2d2c9f69d1130149c84231e18d9dac093ce9f62da691c1b64,ac982c9fa81b32ed407f82122b80482ad44b242e7205ff50a3ec9abce443774dbb669ffe05e5c394</fieldentry></qtimetadatafield><qtimetadatafield><fieldlabel>assessment_question_identifierref</fieldlabel><fieldentry>ba0f6ff238ff7b6e98f13f841b4fe0ac2add7a3141f43e50da757dc56a372d2544ce9adcf16041e7</fieldentry></qtimetadatafield></qtimetadata></itemmetadata><presentation><material><mattext texttype="text/html">In an ordered list, what attribute can be used to start the numbering from a specific number?</mattext></material><response_lid ident="response1" rcardinality="Single"><render_choice><response_label ident="21b828c7dfea2a2fdbdba524e039de96ec2e6871b9e86d64db2017e089e3c95de78416914e57b427"><material><mattext texttype="text/html">value</mattext></material></response_label><response_label ident="66566aa7c537bf9947def02a846d4f4d6dbf2047e93e864c70f303e1fd095a161225990dd3ab5776"><material><mattext texttype="text/html">start</mattext></material></response_label><response_label ident="fa9fab33bd7f9dbfb9e742666a0ea5d2d2c9f69d1130149c84231e18d9dac093ce9f62da691c1b64"><material><mattext texttype="text/html">begin</mattext></material></response_label><response_label ident="ac982c9fa81b32ed407f82122b80482ad44b242e7205ff50a3ec9abce443774dbb669ffe05e5c394"><material><mattext texttype="text/html">number</mattext></material></response_label></render_choice></response_lid></presentation><resprocessing><outcomes><decvar maxvalue="100" minvalue="0" varname="SCORE" vartype="Decimal"/></outcomes><respcondition continue="No"><conditionvar><varequal respident="response1">66566aa7c537bf9947def02a846d4f4d6dbf2047e93e864c70f303e1fd095a161225990dd3ab5776</varequal></conditionvar><setvar actoin="Set" varname="SCORE">100</setvar></respcondition></resprocessing></item><item ident="e3343194f3435760893c4f341d95db566747072080ea802acbfc25e4ec82f313b41767cb4d31f0ae" title="Question"><itemmetadata><qtimetadata><qtimetadatafield><fieldlabel>question_type</fieldlabel><fieldentry>multiple_choice_question</fieldentry></qtimetadatafield><qtimetadatafield><fieldlabel>points_possible</fieldlabel><fieldentry>1</fieldentry></qtimetadatafield><qtimetadatafield><fieldlabel>original_answer_ids</fieldlabel><fieldentry>b3a33d28f55a1ee2ac64c51b1fc7ff9e35657b9ff99b0ba07d3a1dd3998a09500f76e1d81d2a924f,8d3703101e8e5dd9043bc94903a75b061fe660f20d626e22372333aece538ff1f346e68851db7c0b,635dbc286980021aea5846a97f846b9f902fe305741d634a5586c36abc70be48114ecf66983c008c,dabe1317792a370aaa62570c07796db4619654976a55bf1b3fc6bbaf20a6b0ddd624f184cae40287</fieldentry></qtimetadatafield><qtimetadatafield><fieldlabel>assessment_question_identifierref</fieldlabel><fieldentry>795bb3b01b63ee17628b1ceb9943a70a53bef3651361202982483cab6e0fe0b0d191633dc53d7b0d</fieldentry></qtimetadatafield></qtimetadata></itemmetadata><presentation><material><mattext texttype="text/html">What tag is used in HTML to define the description in a description list?</mattext></material><response_lid ident="response1" rcardinality="Single"><render_choice><response_label ident="b3a33d28f55a1ee2ac64c51b1fc7ff9e35657b9ff99b0ba07d3a1dd3998a09500f76e1d81d2a924f"><material><mattext texttype="text/html">dd</mattext></material></response_label><response_label ident="8d3703101e8e5dd9043bc94903a75b061fe660f20d626e22372333aece538ff1f346e68851db7c0b"><material><mattext texttype="text/html">dt</mattext></material></response_label><response_label ident="635dbc286980021aea5846a97f846b9f902fe305741d634a5586c36abc70be48114ecf66983c008c"><material><mattext texttype="text/html">dl</mattext></material></response_label><response_label ident="dabe1317792a370aaa62570c07796db4619654976a55bf1b3fc6bbaf20a6b0ddd624f184cae40287"><material><mattext texttype="text/html">ds</mattext></material></response_label></render_choice></response_lid></presentation><resprocessing><outcomes><decvar maxvalue="100" minvalue="0" varname="SCORE" vartype="Decimal"/></outcomes><respcondition continue="No"><conditionvar><varequal respident="response1">b3a33d28f55a1ee2ac64c51b1fc7ff9e35657b9ff99b0ba07d3a1dd3998a09500f76e1d81d2a924f</varequal></conditionvar><setvar actoin="Set" varname="SCORE">100</setvar></respcondition></resprocessing></item><item ident="c8c6a30ae98d6b5c740a76bf9b172d8dfee4018a474a412a553a69d15e0eb133579ad406f2399117" title="Question"><itemmetadata><qtimetadata><qtimetadatafield><fieldlabel>question_type</fieldlabel><fieldentry>multiple_choice_question</fieldentry></qtimetadatafield><qtimetadatafield><fieldlabel>points_possible</fieldlabel><fieldentry>1</fieldentry></qtimetadatafield><qtimetadatafield><fieldlabel>original_answer_ids</fieldlabel><fieldentry>add18c7af31e82154975f72fd4332aa83bb294cb6f255ad97cf7e589f51d793970b65c9022577c11,47e82f42e0df2abd93a772c05c7d1d3a12aafb53fafd01dc01f30f4add42fc4cec2d1275c92a3328,fedd8a28bd8539370c5466274502fe565a44c113196eed21029d7c83298126ac65aa38181486d4a8,5572e7e495a3250aad3002ace7e418569b2b08668d51b18f90d0d4018ea0b0b142a60201322a6659</fieldentry></qtimetadatafield><qtimetadatafield><fieldlabel>assessment_question_identifierref</fieldlabel><fieldentry>b908294677f2e4ee035bb9e9b27c31ec1683146cf104c2b17cf9e60d0e25eae8dfd7cba19783fd30</fieldentry></qtimetadatafield></qtimetadata></itemmetadata><presentation><material><mattext texttype="text/html">How can you create a nested list, i.e., a list inside another list?</mattext></material><response_lid ident="response1" rcardinality="Single"><render_choice><response_label ident="add18c7af31e82154975f72fd4332aa83bb294cb6f255ad97cf7e589f51d793970b65c9022577c11"><material><mattext texttype="text/html">By using &lt;li&gt; inside another &lt;li&gt;</mattext></material></response_label><response_label ident="47e82f42e0df2abd93a772c05c7d1d3a12aafb53fafd01dc01f30f4add42fc4cec2d1275c92a3328"><material><mattext texttype="text/html">By using &lt;ol&gt; or &lt;ul&gt; inside an &lt;li&gt;</mattext></material></response_label><response_label ident="fedd8a28bd8539370c5466274502fe565a44c113196eed21029d7c83298126ac65aa38181486d4a8"><material><mattext texttype="text/html">By using &lt;dl&gt; inside another &lt;dl&gt;</mattext></material></response_label><response_label ident="5572e7e495a3250aad3002ace7e418569b2b08668d51b18f90d0d4018ea0b0b142a60201322a6659"><material><mattext texttype="text/html">All of the above</mattext></material></response_label></render_choice></response_lid></presentation><resprocessing><outcomes><decvar maxvalue="100" minvalue="0" varname="SCORE" vartype="Decimal"/></outcomes><respcondition continue="No"><conditionvar><varequal respident="response1">47e82f42e0df2abd93a772c05c7d1d3a12aafb53fafd01dc01f30f4add42fc4cec2d1275c92a3328</varequal></conditionvar><setvar actoin="Set" varname="SCORE">100</setvar></respcondition></resprocessing></item></section></assessment></questestinterop>
