<?xml version="1.0" encoding="UTF-8"?>
<questestinterop xmlns="http://www.imsglobal.org/xsd/ims_qtiasiv1p2" xmlns:xsi="http://www.w3.org/2001/XMLSchema-instance" xsi:schemaLocation="http://www.imsglobal.org/xsd/ims_qtiasiv1p2 http://www.imsglobal.org/xsd/ims_qtiasiv1p2p1.xsd"><assessment ident="b752d35020798f3f766d5b7125a35fb0023385830930a01d5418e9a34427d7e5ba7c99a22be38252" title="iframes"><qtimetadata><qtimetadatafield><fieldlabel>cc_maxattempts</fieldlabel><fieldentry>1</fieldentry></qtimetadatafield></qtimetadata><section ident="root_section"><item ident="12269b20242ffccdf46fc81fc097a706a3caeea9dddd825c1399be2a3816e01a22159b3955865110" title="Question"><itemmetadata><qtimetadata><qtimetadatafield><fieldlabel>question_type</fieldlabel><fieldentry>short_answer_question</fieldentry></qtimetadatafield><qtimetadatafield><fieldlabel>points_possible</fieldlabel><fieldentry>1</fieldentry></qtimetadatafield><qtimetadatafield><fieldlabel>original_answer_ids</fieldlabel><fieldentry>974a915d7ae62ac8c57d91ed4336a4e4e867c7cf43d18397ba475ad5ded29d2d376da48087a12daa</fieldentry></qtimetadatafield><qtimetadatafield><fieldlabel>assessment_question_identifierref</fieldlabel><fieldentry>fd6e6ea6e0246732ebfdbe4dfe7f4acef1fa6431feaffa1bc30f7fe5d433f7e5eac3e14ac99dde74</fieldentry></qtimetadatafield></qtimetadata></itemmetadata><presentation><material><mattext texttype="text/html">What is the HTML tag used to embed an iframe?</mattext></material><response_str ident="response1" rcardinality="Single"><render_fib><response_label ident="answer1" rshuffle="No"/></render_fib></response_str></presentation><resprocessing><outcomes><decvar maxvalue="100" minvalue="0" varname="SCORE" vartype="Decimal"/></outcomes><respcondition continue="No"><conditionvar><varequal respident="response1">iframe</varequal></conditionvar><setvar actoin="Set" varname="SCORE">100</setvar></respcondition></resprocessing></item><item ident="9b0cc548ec904495f290bf865d8c16e1e140f8c0684f7a1b258cc4bc5a0285c59ac3631ec33fd53c" title="Question"><itemmetadata><qtimetadata><qtimetadatafield><fieldlabel>question_type</fieldlabel><fieldentry>multiple_choice_question</fieldentry></qtimetadatafield><qtimetadatafield><fieldlabel>points_possible</fieldlabel><fieldentry>1</fieldentry></qtimetadatafield><qtimetadatafield><fieldlabel>original_answer_ids</fieldlabel><fieldentry>9ca2036e94e17a7f212b28cc0ef4edef5abee43ab202c692824764ca9b945d13463eab84615bb9c6,638c8f6951de8ae38396b800178d614622e3612d788bd311b722715725107022542792b23c6e15a0,04f9d3d90bcccb17e1d5f36a3d91b4ed9aed26f089a4f077c27435af0cddc5d2c84aacbb0d1e3228,bce0b9d4c42a3192037a9b37c43a92116f80962173a7c5fe57304892ad64e1442c88820e27b6accb</fieldentry></qtimetadatafield><qtimetadatafield><fieldlabel>assessment_question_identifierref</fieldlabel><fieldentry>a9592409b380eb760d53a396955ec3d3c7dad3e08264c0017689b61a8bd0e8309306eebbd8c549af</fieldentry></qtimetadatafield></qtimetadata></itemmetadata><presentation><material><mattext texttype="text/html">Which attribute of the iframe tag is used to specify the URL of the embedded content?</mattext></material><response_lid ident="response1" rcardinality="Single"><render_choice><response_label ident="9ca2036e94e17a7f212b28cc0ef4edef5abee43ab202c692824764ca9b945d13463eab84615bb9c6"><material><mattext texttype="text/html">src</mattext></material></response_label><response_label ident="638c8f6951de8ae38396b800178d614622e3612d788bd311b722715725107022542792b23c6e15a0"><material><mattext texttype="text/html">link</mattext></material></response_label><response_label ident="04f9d3d90bcccb17e1d5f36a3d91b4ed9aed26f089a4f077c27435af0cddc5d2c84aacbb0d1e3228"><material><mattext texttype="text/html">src</mattext></material></response_label><response_label ident="bce0b9d4c42a3192037a9b37c43a92116f80962173a7c5fe57304892ad64e1442c88820e27b6accb"><material><mattext texttype="text/html">url</mattext></material></response_label></render_choice></response_lid></presentation><resprocessing><outcomes><decvar maxvalue="100" minvalue="0" varname="SCORE" vartype="Decimal"/></outcomes><respcondition continue="No"><conditionvar><varequal respident="response1">04f9d3d90bcccb17e1d5f36a3d91b4ed9aed26f089a4f077c27435af0cddc5d2c84aacbb0d1e3228</varequal></conditionvar><setvar actoin="Set" varname="SCORE">100</setvar></respcondition></resprocessing></item><item ident="18af19ae00d9609b6c5fe88686c40387373b5ee8b078975816fc5d1dd3c8bb3707b0b0a29e3c3637" title="Question"><itemmetadata><qtimetadata><qtimetadatafield><fieldlabel>question_type</fieldlabel><fieldentry>short_answer_question</fieldentry></qtimetadatafield><qtimetadatafield><fieldlabel>points_possible</fieldlabel><fieldentry>1</fieldentry></qtimetadatafield><qtimetadatafield><fieldlabel>original_answer_ids</fieldlabel><fieldentry>d9908b66f9f14a16c66f6fa3b7bebd5045a04f230b60af49ff6ae8231db3a031c3b11e3aede47831</fieldentry></qtimetadatafield><qtimetadatafield><fieldlabel>assessment_question_identifierref</fieldlabel><fieldentry>ca14a2e18dc31390515600b50c0d82a5fbd9f92db62700466b9d489c9d50e2b051222363fcd9f1b3</fieldentry></qtimetadatafield></qtimetadata></itemmetadata><presentation><material><mattext texttype="text/html">How can you specify the height of an iframe to be 400 pixels?</mattext></material><response_str ident="response1" rcardinality="Single"><render_fib><response_label ident="answer1" rshuffle="No"/></render_fib></response_str></presentation><resprocessing><outcomes><decvar maxvalue="100" minvalue="0" varname="SCORE" vartype="Decimal"/></outcomes><respcondition continue="No"><conditionvar><varequal respident="response1">height="400px"</varequal></conditionvar><setvar actoin="Set" varname="SCORE">100</setvar></respcondition></resprocessing></item><item ident="e79427ff5e90ebfbe186a6baa2f62bb1b631d591cfb56237ac3186a0ae08381b1b095292d48b1f23" title="Question"><itemmetadata><qtimetadata><qtimetadatafield><fieldlabel>question_type</fieldlabel><fieldentry>multiple_choice_question</fieldentry></qtimetadatafield><qtimetadatafield><fieldlabel>points_possible</fieldlabel><fieldentry>1</fieldentry></qtimetadatafield><qtimetadatafield><fieldlabel>original_answer_ids</fieldlabel><fieldentry>51d9aa950ec88b17a238196793d117b132b7d380b94711140100a9c865df2425ebb88c8208387231,8e157341f2fcf500f2c2d65ba34971375141398122753a10de0291a838ee648f69a280413bf33f0d,3f4f51db64667d9b53bd880a9153ce03916ffe4eacd7125b12cabd50bcd4fb554b86595d94ea3aa4,e6b5cd16fb52dc5de07747154be45689bad0ea3b676c7210e39c56612a3128ad40b4259e7cc8cdfa</fieldentry></qtimetadatafield><qtimetadatafield><fieldlabel>assessment_question_identifierref</fieldlabel><fieldentry>7d4b3add144437e43fe1987d029371efbe7e31b7abcd4124e1c801852a9760b955edaac265337554</fieldentry></qtimetadatafield></qtimetadata></itemmetadata><presentation><material><mattext texttype="text/html">If you want to remove the border from an iframe, what attribute and value would you use in the iframe tag?</mattext></material><response_lid ident="response1" rcardinality="Single"><render_choice><response_label ident="51d9aa950ec88b17a238196793d117b132b7d380b94711140100a9c865df2425ebb88c8208387231"><material><mattext texttype="text/html">frame="no"</mattext></material></response_label><response_label ident="8e157341f2fcf500f2c2d65ba34971375141398122753a10de0291a838ee648f69a280413bf33f0d"><material><mattext texttype="text/html">border="none"</mattext></material></response_label><response_label ident="3f4f51db64667d9b53bd880a9153ce03916ffe4eacd7125b12cabd50bcd4fb554b86595d94ea3aa4"><material><mattext texttype="text/html">frameborder="0"</mattext></material></response_label><response_label ident="e6b5cd16fb52dc5de07747154be45689bad0ea3b676c7210e39c56612a3128ad40b4259e7cc8cdfa"><material><mattext texttype="text/html">border="0"</mattext></material></response_label></render_choice></response_lid></presentation><resprocessing><outcomes><decvar maxvalue="100" minvalue="0" varname="SCORE" vartype="Decimal"/></outcomes><respcondition continue="No"><conditionvar><varequal respident="response1">3f4f51db64667d9b53bd880a9153ce03916ffe4eacd7125b12cabd50bcd4fb554b86595d94ea3aa4</varequal></conditionvar><setvar actoin="Set" varname="SCORE">100</setvar></respcondition></resprocessing></item><item ident="757817e1b012005b5477d803fd3b4e1f1230fc88945fd66edf5cc49b85bb73b3c97699d0b8c5f36f" title="Question"><itemmetadata><qtimetadata><qtimetadatafield><fieldlabel>question_type</fieldlabel><fieldentry>multiple_choice_question</fieldentry></qtimetadatafield><qtimetadatafield><fieldlabel>points_possible</fieldlabel><fieldentry>1</fieldentry></qtimetadatafield><qtimetadatafield><fieldlabel>original_answer_ids</fieldlabel><fieldentry>3f6fa5fd7cdca0f5af82379a5ef2519f4da8dede05cd8aeda6ba915d381d511629300f7d2fc3203c,fc7e3aa75929664c7a6dfb8e2a66acdb1da5b0d8c59c95d198e2654bdc471cbbe2a2f2beb0755aad,7d5ffa7a1d93842562b896f2d29df0db64e867f41b05c20f8038fc8e503522b23f0f12dd57921e97,8385364c0ca7d15b920044d2a41d1d6c3edefd9e378568dc14d9baef949d627dcaf11debb1834bd3</fieldentry></qtimetadatafield><qtimetadatafield><fieldlabel>assessment_question_identifierref</fieldlabel><fieldentry>4d9712a46fc42eb5bcee58c69efc41ee06f2e25ea45d0f94d8044c282007da735ca5d229279e135c</fieldentry></qtimetadatafield></qtimetadata></itemmetadata><presentation><material><mattext texttype="text/html">Which attribute in the iframe tag allows or disallows the browser to display the fullscreen button for the iframe?</mattext></material><response_lid ident="response1" rcardinality="Single"><render_choice><response_label ident="3f6fa5fd7cdca0f5af82379a5ef2519f4da8dede05cd8aeda6ba915d381d511629300f7d2fc3203c"><material><mattext texttype="text/html">full</mattext></material></response_label><response_label ident="fc7e3aa75929664c7a6dfb8e2a66acdb1da5b0d8c59c95d198e2654bdc471cbbe2a2f2beb0755aad"><material><mattext texttype="text/html">screen</mattext></material></response_label><response_label ident="7d5ffa7a1d93842562b896f2d29df0db64e867f41b05c20f8038fc8e503522b23f0f12dd57921e97"><material><mattext texttype="text/html">allowfullscreen</mattext></material></response_label><response_label ident="8385364c0ca7d15b920044d2a41d1d6c3edefd9e378568dc14d9baef949d627dcaf11debb1834bd3"><material><mattext texttype="text/html">fullscreen="yes"</mattext></material></response_label></render_choice></response_lid></presentation><resprocessing><outcomes><decvar maxvalue="100" minvalue="0" varname="SCORE" vartype="Decimal"/></outcomes><respcondition continue="No"><conditionvar><varequal respident="response1">7d5ffa7a1d93842562b896f2d29df0db64e867f41b05c20f8038fc8e503522b23f0f12dd57921e97</varequal></conditionvar><setvar actoin="Set" varname="SCORE">100</setvar></respcondition></resprocessing></item></section></assessment></questestinterop>
