<?xml version="1.0" encoding="UTF-8"?>
<questestinterop xmlns="http://www.imsglobal.org/xsd/ims_qtiasiv1p2" xmlns:xsi="http://www.w3.org/2001/XMLSchema-instance" xsi:schemaLocation="http://www.imsglobal.org/xsd/ims_qtiasiv1p2 http://www.imsglobal.org/xsd/ims_qtiasiv1p2p1.xsd"><assessment ident="c5515e2926239b4a71065be0de4c9f8ea7f2b445e2f72ec3e10fdfff8aff2e0fd9b2965acb150021" title="CSS Variables"><qtimetadata><qtimetadatafield><fieldlabel>cc_maxattempts</fieldlabel><fieldentry>1</fieldentry></qtimetadatafield></qtimetadata><section ident="root_section"><item ident="6abb66b2fd15776df4f3d548705cbc842e5620f98c08850ce7c48cc02ea5d60707849ff85fa6406f" title="Question"><itemmetadata><qtimetadata><qtimetadatafield><fieldlabel>question_type</fieldlabel><fieldentry>multiple_choice_question</fieldentry></qtimetadatafield><qtimetadatafield><fieldlabel>points_possible</fieldlabel><fieldentry>1</fieldentry></qtimetadatafield><qtimetadatafield><fieldlabel>original_answer_ids</fieldlabel><fieldentry>f5c1494978868803c1fe5184d5044f50c5b82bdf54ee3a0cb87ebf96103b1851d31bccc2e8351518,bb326302243a7b23c33e997464ab660aae8815b2304f2b81267a7c813ed760a88740c1771f7d6a9e,793ef5960196b2a2b58c67fd90f5ebe1aa62c490fd4518ab6c92d1960acc4ea7e019aae976da9693,f92cc8494df54c083f728061e4e4a8690d745af6bcc4d0edfdb184d7408376de6563d9cde96bae40</fieldentry></qtimetadatafield><qtimetadatafield><fieldlabel>assessment_question_identifierref</fieldlabel><fieldentry>46f4e6676fa5bbe654d3b7e646b6af53d63af572e6d1b04ab37f2b0a30ad9b0d8efb7198d3096948</fieldentry></qtimetadatafield></qtimetadata></itemmetadata><presentation><material><mattext texttype="text/html">How do you define a CSS variable with the name "--main-color" and value "blue"?</mattext></material><response_lid ident="response1" rcardinality="Single"><render_choice><response_label ident="f5c1494978868803c1fe5184d5044f50c5b82bdf54ee3a0cb87ebf96103b1851d31bccc2e8351518"><material><mattext texttype="text/html">main-color = blue;</mattext></material></response_label><response_label ident="bb326302243a7b23c33e997464ab660aae8815b2304f2b81267a7c813ed760a88740c1771f7d6a9e"><material><mattext texttype="text/html">$main-color: blue;</mattext></material></response_label><response_label ident="793ef5960196b2a2b58c67fd90f5ebe1aa62c490fd4518ab6c92d1960acc4ea7e019aae976da9693"><material><mattext texttype="text/html">var main-color = blue;</mattext></material></response_label><response_label ident="f92cc8494df54c083f728061e4e4a8690d745af6bcc4d0edfdb184d7408376de6563d9cde96bae40"><material><mattext texttype="text/html">--main-color: blue;</mattext></material></response_label></render_choice></response_lid></presentation><resprocessing><outcomes><decvar maxvalue="100" minvalue="0" varname="SCORE" vartype="Decimal"/></outcomes><respcondition continue="No"><conditionvar><varequal respident="response1">f92cc8494df54c083f728061e4e4a8690d745af6bcc4d0edfdb184d7408376de6563d9cde96bae40</varequal></conditionvar><setvar actoin="Set" varname="SCORE">100</setvar></respcondition></resprocessing></item><item ident="4d9be7ea4eee051b253bf59e0830445666ebc8741d7542ca89d32e9bbd8446ba2fcea2096daad11a" title="Question"><itemmetadata><qtimetadata><qtimetadatafield><fieldlabel>question_type</fieldlabel><fieldentry>multiple_choice_question</fieldentry></qtimetadatafield><qtimetadatafield><fieldlabel>points_possible</fieldlabel><fieldentry>1</fieldentry></qtimetadatafield><qtimetadatafield><fieldlabel>original_answer_ids</fieldlabel><fieldentry>5a0f741c72aabb95bae73f0a2884e1b55467c5c609357f6f0968a5dfdf1568a4fa893b9600845cbf,b79986089020e94b29a1aa241cd61b0d2ad33e0a3924aada54e6bfbe44c7cb70cc882978da27235d,512859a6a470f1a7610f971125666619c15fa08045f0bb6913f7c0c9f6c38f22bf6e9f13899d04c3,f41c4cb43d95d80d96fbf8c1522b05407df202778ab0000d16538db19c811ef3bf84565c8d477385</fieldentry></qtimetadatafield><qtimetadatafield><fieldlabel>assessment_question_identifierref</fieldlabel><fieldentry>01f1d97a62f30c00e4e2535a7a7dbc2c05d3a71504f8022c40560700665c64ae26fffb94bd105863</fieldentry></qtimetadatafield></qtimetadata></itemmetadata><presentation><material><mattext texttype="text/html">If you have a CSS variable named "--font-size," how would you use it to set the font size of a paragraph element?</mattext></material><response_lid ident="response1" rcardinality="Single"><render_choice><response_label ident="5a0f741c72aabb95bae73f0a2884e1b55467c5c609357f6f0968a5dfdf1568a4fa893b9600845cbf"><material><mattext texttype="text/html">font-size = --font-size;</mattext></material></response_label><response_label ident="b79986089020e94b29a1aa241cd61b0d2ad33e0a3924aada54e6bfbe44c7cb70cc882978da27235d"><material><mattext texttype="text/html">font-size: $--font-size;</mattext></material></response_label><response_label ident="512859a6a470f1a7610f971125666619c15fa08045f0bb6913f7c0c9f6c38f22bf6e9f13899d04c3"><material><mattext texttype="text/html">p { font-size: var(--font-size); }</mattext></material></response_label><response_label ident="f41c4cb43d95d80d96fbf8c1522b05407df202778ab0000d16538db19c811ef3bf84565c8d477385"><material><mattext texttype="text/html">p { font-size: --font-size; }</mattext></material></response_label></render_choice></response_lid></presentation><resprocessing><outcomes><decvar maxvalue="100" minvalue="0" varname="SCORE" vartype="Decimal"/></outcomes><respcondition continue="No"><conditionvar><varequal respident="response1">512859a6a470f1a7610f971125666619c15fa08045f0bb6913f7c0c9f6c38f22bf6e9f13899d04c3</varequal></conditionvar><setvar actoin="Set" varname="SCORE">100</setvar></respcondition></resprocessing></item><item ident="ac375899351a37d81d30223395ea08dee0b9bf91a4e2f932800444065ee25eb7204de5d1fe9e9517" title="Question"><itemmetadata><qtimetadata><qtimetadatafield><fieldlabel>question_type</fieldlabel><fieldentry>multiple_choice_question</fieldentry></qtimetadatafield><qtimetadatafield><fieldlabel>points_possible</fieldlabel><fieldentry>1</fieldentry></qtimetadatafield><qtimetadatafield><fieldlabel>original_answer_ids</fieldlabel><fieldentry>b9869c56c06366da5dd2b7abd05dc059a3491c5a5c9c9ab361a3fd97c639df50c8199c7d717d3522,3b17dfc9222b3606115c94c4b9773f04ea8aac49528f9241a410e187590941d3e8c3bc20e07b75f5,164e03828f2cc8e796d68ea959cfe8b8a048400779c4f031a90454d11e9196737185ed58e516c320,1c1d6cbc4484cb3c8d8fda32a567ab3d752ccbf4d14b2e35de150a32c21c71bd7401d94f78f2cccf</fieldentry></qtimetadatafield><qtimetadatafield><fieldlabel>assessment_question_identifierref</fieldlabel><fieldentry>3cb367d415642a5432dea56efbb8d054ec4b2a83c18dcd24f9d5ca7478ef160682e18fc9985dc39b</fieldentry></qtimetadatafield></qtimetadata></itemmetadata><presentation><material><mattext texttype="text/html">Where is the recommended place to define CSS variables if you want them to be globally accessible in your stylesheet?</mattext></material><response_lid ident="response1" rcardinality="Single"><render_choice><response_label ident="b9869c56c06366da5dd2b7abd05dc059a3491c5a5c9c9ab361a3fd97c639df50c8199c7d717d3522"><material><mattext texttype="text/html">Inside each class</mattext></material></response_label><response_label ident="3b17dfc9222b3606115c94c4b9773f04ea8aac49528f9241a410e187590941d3e8c3bc20e07b75f5"><material><mattext texttype="text/html">Inside the body</mattext></material></response_label><response_label ident="164e03828f2cc8e796d68ea959cfe8b8a048400779c4f031a90454d11e9196737185ed58e516c320"><material><mattext texttype="text/html">:root</mattext></material></response_label><response_label ident="1c1d6cbc4484cb3c8d8fda32a567ab3d752ccbf4d14b2e35de150a32c21c71bd7401d94f78f2cccf"><material><mattext texttype="text/html">Inside the head</mattext></material></response_label></render_choice></response_lid></presentation><resprocessing><outcomes><decvar maxvalue="100" minvalue="0" varname="SCORE" vartype="Decimal"/></outcomes><respcondition continue="No"><conditionvar><varequal respident="response1">164e03828f2cc8e796d68ea959cfe8b8a048400779c4f031a90454d11e9196737185ed58e516c320</varequal></conditionvar><setvar actoin="Set" varname="SCORE">100</setvar></respcondition></resprocessing></item><item ident="31bbcc82dbc43ca17de699506c0d0bd74287dd7717991cf7f6301b8991537e5a65b27ef80454d56f" title="Question"><itemmetadata><qtimetadata><qtimetadatafield><fieldlabel>question_type</fieldlabel><fieldentry>multiple_choice_question</fieldentry></qtimetadatafield><qtimetadatafield><fieldlabel>points_possible</fieldlabel><fieldentry>1</fieldentry></qtimetadatafield><qtimetadatafield><fieldlabel>original_answer_ids</fieldlabel><fieldentry>39b421c691c1b6f064befd0a97f4ba014552631abd4d1adb9d05008f99da5c5ee89e6749b39750ef,8956c7108c5000ce55ab68fc934a981c132e9fd6502f49fd03d4abbab5dcf754af0b3b3ae9b03093,81c0ce13e96107257257e3ff270c5098a401a02bd719b4ba43b8a7c1e5dc9de47f38155f9b06ef6a,ed15b03d434abda9af6f676edfd591b91aa7d1ff9af5381f4acf22d50215105d4f804c664ad5c197</fieldentry></qtimetadatafield><qtimetadatafield><fieldlabel>assessment_question_identifierref</fieldlabel><fieldentry>ac9b6a54735fbb494ec01c2e284688a7dbf1b75921d15598536f6d5d32ce0f519407edc7d8f48a6c</fieldentry></qtimetadatafield></qtimetadata></itemmetadata><presentation><material><mattext texttype="text/html">Which of the following is NOT a valid way to use a CSS variable?</mattext></material><response_lid ident="response1" rcardinality="Single"><render_choice><response_label ident="39b421c691c1b6f064befd0a97f4ba014552631abd4d1adb9d05008f99da5c5ee89e6749b39750ef"><material><mattext texttype="text/html">--my-var: 10px;</mattext></material></response_label><response_label ident="8956c7108c5000ce55ab68fc934a981c132e9fd6502f49fd03d4abbab5dcf754af0b3b3ae9b03093"><material><mattext texttype="text/html">background-color: var(--my-var);</mattext></material></response_label><response_label ident="81c0ce13e96107257257e3ff270c5098a401a02bd719b4ba43b8a7c1e5dc9de47f38155f9b06ef6a"><material><mattext texttype="text/html">var = --my-var: 20px;</mattext></material></response_label><response_label ident="ed15b03d434abda9af6f676edfd591b91aa7d1ff9af5381f4acf22d50215105d4f804c664ad5c197"><material><mattext texttype="text/html">padding: var(--my-var, 5px);</mattext></material></response_label></render_choice></response_lid></presentation><resprocessing><outcomes><decvar maxvalue="100" minvalue="0" varname="SCORE" vartype="Decimal"/></outcomes><respcondition continue="No"><conditionvar><varequal respident="response1">81c0ce13e96107257257e3ff270c5098a401a02bd719b4ba43b8a7c1e5dc9de47f38155f9b06ef6a</varequal></conditionvar><setvar actoin="Set" varname="SCORE">100</setvar></respcondition></resprocessing></item><item ident="f5ea809c7007a0ed12f99a06a52fa994e4c754baceff4637b8fc53638e714efda970d59414b0f1d9" title="Question"><itemmetadata><qtimetadata><qtimetadatafield><fieldlabel>question_type</fieldlabel><fieldentry>multiple_choice_question</fieldentry></qtimetadatafield><qtimetadatafield><fieldlabel>points_possible</fieldlabel><fieldentry>1</fieldentry></qtimetadatafield><qtimetadatafield><fieldlabel>original_answer_ids</fieldlabel><fieldentry>a69b5981e7119f73fef2b35aa1a2c791114e41f8bbfcf344df4606ac8c35d774d6e90e02b37fad0d,4f2aaedfee313a535e39c69a51644d7ab1079c17b7f89f2d238af17cfdcddda6b26273cc1dc7febc,b0c69fbb733f979bd9a94fe645f1d446b83a3bf00e6e29786dc9f7fb1a1d5903fa12ce7f6ca77a85,5dd0cbc5f312931535511eea8ccfb145e07001c1ce51a6dfa4e166a78f2e67aed2b4d64e1b439932</fieldentry></qtimetadatafield><qtimetadatafield><fieldlabel>assessment_question_identifierref</fieldlabel><fieldentry>af0b61a6322bca0907d479c37bbaa32e0d0eee2589c8d539728d27844679a2b62ffd17ce100dc9a9</fieldentry></qtimetadatafield></qtimetadata></itemmetadata><presentation><material><mattext texttype="text/html">How would you provide a fallback value of "16px" for a variable "--font-size" in case it is not defined?</mattext></material><response_lid ident="response1" rcardinality="Single"><render_choice><response_label ident=" 16px;&#13;"><material><mattext texttype="text/html">font-size: --font-size</mattext></material></response_label><response_label ident="4f2aaedfee313a535e39c69a51644d7ab1079c17b7f89f2d238af17cfdcddda6b26273cc1dc7febc"><material><mattext texttype="text/html">font-size: --font-size ? 16px;</mattext></material></response_label><response_label ident="b0c69fbb733f979bd9a94fe645f1d446b83a3bf00e6e29786dc9f7fb1a1d5903fa12ce7f6ca77a85"><material><mattext texttype="text/html">font-size: var(--font-size, 16px);</mattext></material></response_label><response_label ident=" var(--font-size);"><material><mattext texttype="text/html">font-size: 16px</mattext></material></response_label></render_choice></response_lid></presentation><resprocessing><outcomes><decvar maxvalue="100" minvalue="0" varname="SCORE" vartype="Decimal"/></outcomes><respcondition continue="No"><conditionvar><varequal respident="response1">b0c69fbb733f979bd9a94fe645f1d446b83a3bf00e6e29786dc9f7fb1a1d5903fa12ce7f6ca77a85</varequal></conditionvar><setvar actoin="Set" varname="SCORE">100</setvar></respcondition></resprocessing></item><item ident="8364e3f4154fc669f21ec0750834360a3a5b404cfffc32076f10af9ec1e3d7491afbe42108ddd345" title="Question"><itemmetadata><qtimetadata><qtimetadatafield><fieldlabel>question_type</fieldlabel><fieldentry>multiple_choice_question</fieldentry></qtimetadatafield><qtimetadatafield><fieldlabel>points_possible</fieldlabel><fieldentry>1</fieldentry></qtimetadatafield><qtimetadatafield><fieldlabel>original_answer_ids</fieldlabel><fieldentry>f81e7c394ac765b9e909ba928e8399ae30d248cf11c10e2fe069d1f569feb274f7b32862603a71a6,ccb105b808ba6fdc8f239342dc4dc5009d6d00bd7b85118a43d4f71724291e96439cd6cc498c055e,5e93607d462bf0e5d56800ec3fb0ce9956bc8a16e3d3eae4feeefaa10e609657264d893083d26783,038175bd73ff6c51787a9e50b8709e9d48aca445d62f2a3716e1c4c472aa27dc84a94aa21f7d2544</fieldentry></qtimetadatafield><qtimetadatafield><fieldlabel>assessment_question_identifierref</fieldlabel><fieldentry>3c7867f28ca50ace79452c6e46d357f6f0b7a23f561cad5d75d5db5424ae511afcb63dff2bc6363a</fieldentry></qtimetadatafield></qtimetadata></itemmetadata><presentation><material><mattext texttype="text/html">Can CSS variables be updated in JavaScript?</mattext></material><response_lid ident="response1" rcardinality="Single"><render_choice><response_label ident="f81e7c394ac765b9e909ba928e8399ae30d248cf11c10e2fe069d1f569feb274f7b32862603a71a6"><material><mattext texttype="text/html">Only with specific libraries</mattext></material></response_label><response_label ident="ccb105b808ba6fdc8f239342dc4dc5009d6d00bd7b85118a43d4f71724291e96439cd6cc498c055e"><material><mattext texttype="text/html">No</mattext></material></response_label><response_label ident="5e93607d462bf0e5d56800ec3fb0ce9956bc8a16e3d3eae4feeefaa10e609657264d893083d26783"><material><mattext texttype="text/html">Yes</mattext></material></response_label><response_label ident="038175bd73ff6c51787a9e50b8709e9d48aca445d62f2a3716e1c4c472aa27dc84a94aa21f7d2544"><material><mattext texttype="text/html">Only in modern browsers</mattext></material></response_label></render_choice></response_lid></presentation><resprocessing><outcomes><decvar maxvalue="100" minvalue="0" varname="SCORE" vartype="Decimal"/></outcomes><respcondition continue="No"><conditionvar><varequal respident="response1">5e93607d462bf0e5d56800ec3fb0ce9956bc8a16e3d3eae4feeefaa10e609657264d893083d26783</varequal></conditionvar><setvar actoin="Set" varname="SCORE">100</setvar></respcondition></resprocessing></item><item ident="c9d5bc83dc78a96e2c3f1ec7179f8814ff45a1d4e389fc54ba5818714efb4cb85f8f4677a2188f9c" title="Question"><itemmetadata><qtimetadata><qtimetadatafield><fieldlabel>question_type</fieldlabel><fieldentry>multiple_choice_question</fieldentry></qtimetadatafield><qtimetadatafield><fieldlabel>points_possible</fieldlabel><fieldentry>1</fieldentry></qtimetadatafield><qtimetadatafield><fieldlabel>original_answer_ids</fieldlabel><fieldentry>a1e61e91b869cec10757987b23de99280eae3c2fc4d6121e3990856bd6317c4d939f16aaf0ba87d8,f56ab77b64d98b8c5eaa569dbdb9c34d423c6655eb643e2e63fe79f35a8d34d82f5b2a7f4b11908a,ba090eee411be67c74a3735e92aba90f38dc72991fed0b0fac93e7988d080fe8e35fe1e2f091e048,5463d28dfa09d6c33aad92839b5bdc8ffbe666567fbbe83d2275742d5b739f53dda1ad7f9cfc3f53</fieldentry></qtimetadatafield><qtimetadatafield><fieldlabel>assessment_question_identifierref</fieldlabel><fieldentry>bb61492adc54fdfc2c67c240477a22e35407f841d885fc44cc26e9f79757f8bd8c069e356bbf3907</fieldentry></qtimetadatafield></qtimetadata></itemmetadata><presentation><material><mattext texttype="text/html">Which of the following is true about CSS variables?</mattext></material><response_lid ident="response1" rcardinality="Single"><render_choice><response_label ident="a1e61e91b869cec10757987b23de99280eae3c2fc4d6121e3990856bd6317c4d939f16aaf0ba87d8"><material><mattext texttype="text/html">They are only scoped to the global level.</mattext></material></response_label><response_label ident="f56ab77b64d98b8c5eaa569dbdb9c34d423c6655eb643e2e63fe79f35a8d34d82f5b2a7f4b11908a"><material><mattext texttype="text/html">They are resolved at compile time.</mattext></material></response_label><response_label ident="ba090eee411be67c74a3735e92aba90f38dc72991fed0b0fac93e7988d080fe8e35fe1e2f091e048"><material><mattext texttype="text/html">They are case-sensitive.</mattext></material></response_label><response_label ident="5463d28dfa09d6c33aad92839b5bdc8ffbe666567fbbe83d2275742d5b739f53dda1ad7f9cfc3f53"><material><mattext texttype="text/html">They cannot be used in media queries.</mattext></material></response_label></render_choice></response_lid></presentation><resprocessing><outcomes><decvar maxvalue="100" minvalue="0" varname="SCORE" vartype="Decimal"/></outcomes><respcondition continue="No"><conditionvar><varequal respident="response1">ba090eee411be67c74a3735e92aba90f38dc72991fed0b0fac93e7988d080fe8e35fe1e2f091e048</varequal></conditionvar><setvar actoin="Set" varname="SCORE">100</setvar></respcondition></resprocessing></item><item ident="a737bc18ab34b373646c7cf8fcd2ce2f10c7d0a5c20d2cb6966587df99efa5aff464706d244f1a34" title="Question"><itemmetadata><qtimetadata><qtimetadatafield><fieldlabel>question_type</fieldlabel><fieldentry>multiple_choice_question</fieldentry></qtimetadatafield><qtimetadatafield><fieldlabel>points_possible</fieldlabel><fieldentry>1</fieldentry></qtimetadatafield><qtimetadatafield><fieldlabel>original_answer_ids</fieldlabel><fieldentry>7a87e7b30c6d2975b147a3a86b7f148d5a6640fdefe9ea04741b3049f743b2c3bae14854faa769d1,ea173c7adabecf49abb88a2b26d9602220435eda19c2e8b1a354d4a7e4ba1e826d26e49827035a80,f43a0b16b6d49c2168ffe575e174d48171b1c1ba762ed15752b089db8aa306f224d341153b80c659,187d987e8ae282b339304433187bec8d45beddefa9cdbbf1d7508f7a7b6deeb69903c21732f7caa4</fieldentry></qtimetadatafield><qtimetadatafield><fieldlabel>assessment_question_identifierref</fieldlabel><fieldentry>4dd8ec03f80d66d4be2a5b726024cff3fffe6e407c7efcfd786753c4203b24fa60e4e2eb71328ba1</fieldentry></qtimetadatafield></qtimetadata></itemmetadata><presentation><material><mattext texttype="text/html">If you want to override a globally defined CSS variable within a specific element, how would you do that?</mattext></material><response_lid ident="response1" rcardinality="Single"><render_choice><response_label ident="7a87e7b30c6d2975b147a3a86b7f148d5a6640fdefe9ea04741b3049f743b2c3bae14854faa769d1"><material><mattext texttype="text/html">Redefine it in JavaScript</mattext></material></response_label><response_label ident="ea173c7adabecf49abb88a2b26d9602220435eda19c2e8b1a354d4a7e4ba1e826d26e49827035a80"><material><mattext texttype="text/html">Use !important</mattext></material></response_label><response_label ident="f43a0b16b6d49c2168ffe575e174d48171b1c1ba762ed15752b089db8aa306f224d341153b80c659"><material><mattext texttype="text/html">Define the variable inside the element's selector block.</mattext></material></response_label><response_label ident="187d987e8ae282b339304433187bec8d45beddefa9cdbbf1d7508f7a7b6deeb69903c21732f7caa4"><material><mattext texttype="text/html">It cannot be overridden.</mattext></material></response_label></render_choice></response_lid></presentation><resprocessing><outcomes><decvar maxvalue="100" minvalue="0" varname="SCORE" vartype="Decimal"/></outcomes><respcondition continue="No"><conditionvar><varequal respident="response1">f43a0b16b6d49c2168ffe575e174d48171b1c1ba762ed15752b089db8aa306f224d341153b80c659</varequal></conditionvar><setvar actoin="Set" varname="SCORE">100</setvar></respcondition></resprocessing></item><item ident="f5ee0025e05ada9b7aed690d389a1521a40c2ec9485c3e011c20ffc2454da53f7c8b739b2944e850" title="Question"><itemmetadata><qtimetadata><qtimetadatafield><fieldlabel>question_type</fieldlabel><fieldentry>multiple_choice_question</fieldentry></qtimetadatafield><qtimetadatafield><fieldlabel>points_possible</fieldlabel><fieldentry>1</fieldentry></qtimetadatafield><qtimetadatafield><fieldlabel>original_answer_ids</fieldlabel><fieldentry>1312eb1eb8ff3b04c5e65c56cc8a7f3902933fef5be6c4980d22598a8ba515335e8212d454ea49b6,31bdb4fb421257151e9af5d985e33ff946c6b56f8165ccbaf77851dfbf4f0a6789fcfca28c7e9f71,bba90a5a5ee13980b25a5257aecfd1ba2468b7deaaa1fcea6983fad6e6415c82253b7c963d43efb3,0716cbd497d7150a531455319388ad3063bdaff5ff5b658c48a9392c83e7e788d9c428ffaa3f68bc</fieldentry></qtimetadatafield><qtimetadatafield><fieldlabel>assessment_question_identifierref</fieldlabel><fieldentry>1ce9f0b88ae884a065554a1fe1d4fc6fe75a16089cc42bae2bf04d1b51fc3811b43de155df04cb89</fieldentry></qtimetadatafield></qtimetadata></itemmetadata><presentation><material><mattext texttype="text/html">What would be the value of "background-color" if "--main-bg: green;" is defined inside the ":root" and then "--main-bg: red;" is defined inside a specific class ".my-class"?</mattext></material><response_lid ident="response1" rcardinality="Single"><render_choice><response_label ident="1312eb1eb8ff3b04c5e65c56cc8a7f3902933fef5be6c4980d22598a8ba515335e8212d454ea49b6"><material><mattext texttype="text/html">Always green</mattext></material></response_label><response_label ident="31bdb4fb421257151e9af5d985e33ff946c6b56f8165ccbaf77851dfbf4f0a6789fcfca28c7e9f71"><material><mattext texttype="text/html">Always red</mattext></material></response_label><response_label ident="bba90a5a5ee13980b25a5257aecfd1ba2468b7deaaa1fcea6983fad6e6415c82253b7c963d43efb3"><material><mattext texttype="text/html">A syntax error occurs</mattext></material></response_label><response_label ident="0716cbd497d7150a531455319388ad3063bdaff5ff5b658c48a9392c83e7e788d9c428ffaa3f68bc"><material><mattext texttype="text/html">green globally, but red inside elements with the "my-class" class.</mattext></material></response_label></render_choice></response_lid></presentation><resprocessing><outcomes><decvar maxvalue="100" minvalue="0" varname="SCORE" vartype="Decimal"/></outcomes><respcondition continue="No"><conditionvar><varequal respident="response1">0716cbd497d7150a531455319388ad3063bdaff5ff5b658c48a9392c83e7e788d9c428ffaa3f68bc</varequal></conditionvar><setvar actoin="Set" varname="SCORE">100</setvar></respcondition></resprocessing></item><item ident="fbea397132f56c275d515d7014c786fea72290486355d0bce9b9e2027c0b90b0d10f79ac429f6838" title="Question"><itemmetadata><qtimetadata><qtimetadatafield><fieldlabel>question_type</fieldlabel><fieldentry>multiple_choice_question</fieldentry></qtimetadatafield><qtimetadatafield><fieldlabel>points_possible</fieldlabel><fieldentry>1</fieldentry></qtimetadatafield><qtimetadatafield><fieldlabel>original_answer_ids</fieldlabel><fieldentry>032822299a980599dd7b97954514edbdf9b175e4703b15b44c882ebc885bebd22d8d98e7a29b003b,bec73e26feb78c8d8fa93203c116848b47b7316ad3d47154da4e1bbb0e26870e8e9e6766d278433b,6a4ab5df6652cd8cb000fec052f21b747bba5bf2dc50d62fbd5307faa84d1131cb20ad9fd0b0c85e,733fa6c598aab3e138574f3039824293f6eeb5ac0e3eec2f5bd05c0ebe4dade8797e549fed299efe</fieldentry></qtimetadatafield><qtimetadatafield><fieldlabel>assessment_question_identifierref</fieldlabel><fieldentry>54d87a6e2050fdcfdd645fef658e2043d8d0079f19c676b2755a9236b08f9b4dcad79048131c5122</fieldentry></qtimetadatafield></qtimetadata></itemmetadata><presentation><material><mattext texttype="text/html">What symbol must precede the name of a custom property or CSS variable?</mattext></material><response_lid ident="response1" rcardinality="Single"><render_choice><response_label ident="032822299a980599dd7b97954514edbdf9b175e4703b15b44c882ebc885bebd22d8d98e7a29b003b"><material><mattext texttype="text/html">$</mattext></material></response_label><response_label ident="bec73e26feb78c8d8fa93203c116848b47b7316ad3d47154da4e1bbb0e26870e8e9e6766d278433b"><material><mattext texttype="text/html">&amp;</mattext></material></response_label><response_label ident="6a4ab5df6652cd8cb000fec052f21b747bba5bf2dc50d62fbd5307faa84d1131cb20ad9fd0b0c85e"><material><mattext texttype="text/html">%</mattext></material></response_label><response_label ident="733fa6c598aab3e138574f3039824293f6eeb5ac0e3eec2f5bd05c0ebe4dade8797e549fed299efe"><material><mattext texttype="text/html">--</mattext></material></response_label></render_choice></response_lid></presentation><resprocessing><outcomes><decvar maxvalue="100" minvalue="0" varname="SCORE" vartype="Decimal"/></outcomes><respcondition continue="No"><conditionvar><varequal respident="response1">733fa6c598aab3e138574f3039824293f6eeb5ac0e3eec2f5bd05c0ebe4dade8797e549fed299efe</varequal></conditionvar><setvar actoin="Set" varname="SCORE">100</setvar></respcondition></resprocessing></item></section></assessment></questestinterop>
