<?xml version="1.0" encoding="UTF-8"?>
<questestinterop xmlns="http://www.imsglobal.org/xsd/ims_qtiasiv1p2" xmlns:xsi="http://www.w3.org/2001/XMLSchema-instance" xsi:schemaLocation="http://www.imsglobal.org/xsd/ims_qtiasiv1p2 http://www.imsglobal.org/xsd/ims_qtiasiv1p2p1.xsd"><assessment ident="3ce49d9cacd22a7051b4d4447564e60761c72f965cd5a6e6b80113fb54adc48e541bae32bd8fef57" title="Links"><qtimetadata><qtimetadatafield><fieldlabel>cc_maxattempts</fieldlabel><fieldentry>1</fieldentry></qtimetadatafield></qtimetadata><section ident="root_section"><item ident="4c0defc11f66fb8cb892f01cf632ad09c366151340e68f59e23b220010646a421de291efeb1d8626" title="Question"><itemmetadata><qtimetadata><qtimetadatafield><fieldlabel>question_type</fieldlabel><fieldentry>multiple_choice_question</fieldentry></qtimetadatafield><qtimetadatafield><fieldlabel>points_possible</fieldlabel><fieldentry>1</fieldentry></qtimetadatafield><qtimetadatafield><fieldlabel>original_answer_ids</fieldlabel><fieldentry>6625914d7b0ef0f27519a7ea8175124e8658c61f81bc779b72fc54c7e0c1ff270b11860b8b7fbe11,57b53bc5260ada91eb37e3500e8d8c77fa6fb42a4ecb27c4ecd16963cc3f89f9daab0f3d67a1d3e9,29256c53eef10e250950ed70bed696961d10b57b9addc94fafc209a6f3a1e4e184ea677cb3a3f43d,6c24d6d98ed897ae7c84891a25be60861e2013210c62f287a89e6d0a57df516ddbc24d9500068a30</fieldentry></qtimetadatafield><qtimetadatafield><fieldlabel>assessment_question_identifierref</fieldlabel><fieldentry>6399bdef5801b40c02755c84660671407a8bcb0841c125061d68f925e04b5e9823797b06289825ee</fieldentry></qtimetadatafield></qtimetadata></itemmetadata><presentation><material><mattext texttype="text/html">What is the HTML tag used to create a hyperlink?</mattext></material><response_lid ident="response1" rcardinality="Single"><render_choice><response_label ident="6625914d7b0ef0f27519a7ea8175124e8658c61f81bc779b72fc54c7e0c1ff270b11860b8b7fbe11"><material><mattext texttype="text/html">hp</mattext></material></response_label><response_label ident="57b53bc5260ada91eb37e3500e8d8c77fa6fb42a4ecb27c4ecd16963cc3f89f9daab0f3d67a1d3e9"><material><mattext texttype="text/html">ahref</mattext></material></response_label><response_label ident="29256c53eef10e250950ed70bed696961d10b57b9addc94fafc209a6f3a1e4e184ea677cb3a3f43d"><material><mattext texttype="text/html">a</mattext></material></response_label><response_label ident="6c24d6d98ed897ae7c84891a25be60861e2013210c62f287a89e6d0a57df516ddbc24d9500068a30"><material><mattext texttype="text/html">hl</mattext></material></response_label></render_choice></response_lid></presentation><resprocessing><outcomes><decvar maxvalue="100" minvalue="0" varname="SCORE" vartype="Decimal"/></outcomes><respcondition continue="No"><conditionvar><varequal respident="response1">29256c53eef10e250950ed70bed696961d10b57b9addc94fafc209a6f3a1e4e184ea677cb3a3f43d</varequal></conditionvar><setvar actoin="Set" varname="SCORE">100</setvar></respcondition></resprocessing></item><item ident="eb7bf3690b66e7c76d76ad1d64e4516767e65c4f4d9fa0460cf19b6450414897511401576ce3797e" title="Question"><itemmetadata><qtimetadata><qtimetadatafield><fieldlabel>question_type</fieldlabel><fieldentry>multiple_choice_question</fieldentry></qtimetadatafield><qtimetadatafield><fieldlabel>points_possible</fieldlabel><fieldentry>1</fieldentry></qtimetadatafield><qtimetadatafield><fieldlabel>original_answer_ids</fieldlabel><fieldentry>9dae2f2d488116791fd12afd72f859925a9c7314310527410fa58041d0a828203eb15e94b0e7592c,8415901a372d9498a5cadec959d0236a5c8d72a9f66dafb1f8d013163f7be885eaf2173afa37d717,ce321cce0beb4da1695850b5ba9e42cad25f08e670ad2e57d249dbfacc21929fb21d5df2cb2f6f7d,d201335c7dc4a1cdbc392fb28737a16800202c016e4f5ff117efad149a1d3a01517dbc3a253ed024</fieldentry></qtimetadatafield><qtimetadatafield><fieldlabel>assessment_question_identifierref</fieldlabel><fieldentry>518e0a14c39c1a96719837e35739f3d0d68553ce21863e0e0d583d67e84653794b90b6ada6e90094</fieldentry></qtimetadatafield></qtimetadata></itemmetadata><presentation><material><mattext texttype="text/html">How do you open a link in a new browser tab in HTML?</mattext></material><response_lid ident="response1" rcardinality="Single"><render_choice><response_label ident="9dae2f2d488116791fd12afd72f859925a9c7314310527410fa58041d0a828203eb15e94b0e7592c"><material><mattext texttype="text/html">target="_new"</mattext></material></response_label><response_label ident="8415901a372d9498a5cadec959d0236a5c8d72a9f66dafb1f8d013163f7be885eaf2173afa37d717"><material><mattext texttype="text/html">target="new_tab"</mattext></material></response_label><response_label ident="ce321cce0beb4da1695850b5ba9e42cad25f08e670ad2e57d249dbfacc21929fb21d5df2cb2f6f7d"><material><mattext texttype="text/html">target="_blank"</mattext></material></response_label><response_label ident="d201335c7dc4a1cdbc392fb28737a16800202c016e4f5ff117efad149a1d3a01517dbc3a253ed024"><material><mattext texttype="text/html">target="_open"</mattext></material></response_label></render_choice></response_lid></presentation><resprocessing><outcomes><decvar maxvalue="100" minvalue="0" varname="SCORE" vartype="Decimal"/></outcomes><respcondition continue="No"><conditionvar><varequal respident="response1">ce321cce0beb4da1695850b5ba9e42cad25f08e670ad2e57d249dbfacc21929fb21d5df2cb2f6f7d</varequal></conditionvar><setvar actoin="Set" varname="SCORE">100</setvar></respcondition></resprocessing></item><item ident="9588b524e4fbe15eb08d45b566a1f7ef6dc9e9a2ec58c1b81d20b7e052bb1d2b352fe65e4f7b6575" title="Question"><itemmetadata><qtimetadata><qtimetadatafield><fieldlabel>question_type</fieldlabel><fieldentry>multiple_choice_question</fieldentry></qtimetadatafield><qtimetadatafield><fieldlabel>points_possible</fieldlabel><fieldentry>1</fieldentry></qtimetadatafield><qtimetadatafield><fieldlabel>original_answer_ids</fieldlabel><fieldentry>28e9d83381433a4c874fa56e7d93dc308c9d0a79bb3e422af16a142f1f6cc40fc2e60981a28f329c,3eac9f6020ca1c3322473a141a12d161b010898df850959c8092ca9ed3b69dd6e659012285a25325,fa357595c2e0047b078230bc4ec62a4283bc0a6ce553783b37ed87bd0eea7791c11aaf52ab652279,64a8f240e7d83ca6503506ed6a2b2d275228970ce0551f968a3395f85a66b0afd602bce36a7fe18c</fieldentry></qtimetadatafield><qtimetadatafield><fieldlabel>assessment_question_identifierref</fieldlabel><fieldentry>5791d3870e8edbb312bddef8013f25bc1023fa71ff2b0195c0b2783f20f753268078fb4b86765c43</fieldentry></qtimetadatafield></qtimetadata></itemmetadata><presentation><material><mattext texttype="text/html">What attribute is used in CSS to change the color of a link when hovered over?</mattext></material><response_lid ident="response1" rcardinality="Single"><render_choice><response_label ident="28e9d83381433a4c874fa56e7d93dc308c9d0a79bb3e422af16a142f1f6cc40fc2e60981a28f329c"><material><mattext texttype="text/html">hover</mattext></material></response_label><response_label ident="3eac9f6020ca1c3322473a141a12d161b010898df850959c8092ca9ed3b69dd6e659012285a25325"><material><mattext texttype="text/html">color</mattext></material></response_label><response_label ident="fa357595c2e0047b078230bc4ec62a4283bc0a6ce553783b37ed87bd0eea7791c11aaf52ab652279"><material><mattext texttype="text/html">a:hover</mattext></material></response_label><response_label ident="64a8f240e7d83ca6503506ed6a2b2d275228970ce0551f968a3395f85a66b0afd602bce36a7fe18c"><material><mattext texttype="text/html">link:hover</mattext></material></response_label></render_choice></response_lid></presentation><resprocessing><outcomes><decvar maxvalue="100" minvalue="0" varname="SCORE" vartype="Decimal"/></outcomes><respcondition continue="No"><conditionvar><varequal respident="response1">fa357595c2e0047b078230bc4ec62a4283bc0a6ce553783b37ed87bd0eea7791c11aaf52ab652279</varequal></conditionvar><setvar actoin="Set" varname="SCORE">100</setvar></respcondition></resprocessing></item><item ident="697a29c3f48cbed8ed845db63a05d1415d828f60fd39054c54abe1a6b0432b4ff315662bde749317" title="Question"><itemmetadata><qtimetadata><qtimetadatafield><fieldlabel>question_type</fieldlabel><fieldentry>multiple_choice_question</fieldentry></qtimetadatafield><qtimetadatafield><fieldlabel>points_possible</fieldlabel><fieldentry>1</fieldentry></qtimetadatafield><qtimetadatafield><fieldlabel>original_answer_ids</fieldlabel><fieldentry>cdb582fb8d25015d107506c1f88bc36a4ef60ea77bd9151d276591064c5c1a73a108c812f10c4403,554ceaae6cb61f9d63eae98755251906785ab8999e9044a33ae95da77f5e8abab321cbb632710dfe,4330f3e2889c578b2a47620cbbbd84c6b39311881b350671622b0d23443ce92b9258dd6fa2a26c89,8a43c9e61b2800072e2d99383f8110277b7876d7e3e5bd26da2a79c2406d45925a3c2a69e838e739</fieldentry></qtimetadatafield><qtimetadatafield><fieldlabel>assessment_question_identifierref</fieldlabel><fieldentry>4109576e32d3757759deb177934544a440d0045e5dabd6762617663f39480213043e6c3e3943ef46</fieldentry></qtimetadatafield></qtimetadata></itemmetadata><presentation><material><mattext texttype="text/html">In HTML, what is the attribute for specifying the URL of the linked resource?</mattext></material><response_lid ident="response1" rcardinality="Single"><render_choice><response_label ident="cdb582fb8d25015d107506c1f88bc36a4ef60ea77bd9151d276591064c5c1a73a108c812f10c4403"><material><mattext texttype="text/html">link</mattext></material></response_label><response_label ident="554ceaae6cb61f9d63eae98755251906785ab8999e9044a33ae95da77f5e8abab321cbb632710dfe"><material><mattext texttype="text/html">src</mattext></material></response_label><response_label ident="4330f3e2889c578b2a47620cbbbd84c6b39311881b350671622b0d23443ce92b9258dd6fa2a26c89"><material><mattext texttype="text/html">href</mattext></material></response_label><response_label ident="8a43c9e61b2800072e2d99383f8110277b7876d7e3e5bd26da2a79c2406d45925a3c2a69e838e739"><material><mattext texttype="text/html">url</mattext></material></response_label></render_choice></response_lid></presentation><resprocessing><outcomes><decvar maxvalue="100" minvalue="0" varname="SCORE" vartype="Decimal"/></outcomes><respcondition continue="No"><conditionvar><varequal respident="response1">4330f3e2889c578b2a47620cbbbd84c6b39311881b350671622b0d23443ce92b9258dd6fa2a26c89</varequal></conditionvar><setvar actoin="Set" varname="SCORE">100</setvar></respcondition></resprocessing></item><item ident="88b62e83b319a0c63c2daee19c9164fccc30b6d717864a830583785184637ec2f9fd6d1a6700ab4a" title="Question"><itemmetadata><qtimetadata><qtimetadatafield><fieldlabel>question_type</fieldlabel><fieldentry>multiple_choice_question</fieldentry></qtimetadatafield><qtimetadatafield><fieldlabel>points_possible</fieldlabel><fieldentry>1</fieldentry></qtimetadatafield><qtimetadatafield><fieldlabel>original_answer_ids</fieldlabel><fieldentry>8489d9d5d7af9114e5fb55d15368bcd8133c77716be9a0f348810d5fe77877f2214d25810cd19e72,33931b2bdfc156b3453359163b97bb3d030dfa0be82c88fb762ab16e941c61303e6514febfdca50a,1ea65f9ad6f65c1b7b10c0e94fd4b6c2a5e31b636e2c8bc89d83bab8688406d9cf10d3fe276196c1,f06e3d93a9e8b073ee1dfc589cd5bc199911d9b6fa5bb15c5f1846292b8644e6e776c44f877e2dc3</fieldentry></qtimetadatafield><qtimetadatafield><fieldlabel>assessment_question_identifierref</fieldlabel><fieldentry>4d21e8d84de3def3978b53e06711f6b36571946098e96d8b4fd2ff8070e107c3bc2b2998815e6327</fieldentry></qtimetadatafield></qtimetadata></itemmetadata><presentation><material><mattext texttype="text/html">What is the default color of a visited link in most browsers?</mattext></material><response_lid ident="response1" rcardinality="Single"><render_choice><response_label ident="8489d9d5d7af9114e5fb55d15368bcd8133c77716be9a0f348810d5fe77877f2214d25810cd19e72"><material><mattext texttype="text/html">Green</mattext></material></response_label><response_label ident="33931b2bdfc156b3453359163b97bb3d030dfa0be82c88fb762ab16e941c61303e6514febfdca50a"><material><mattext texttype="text/html">Purple</mattext></material></response_label><response_label ident="1ea65f9ad6f65c1b7b10c0e94fd4b6c2a5e31b636e2c8bc89d83bab8688406d9cf10d3fe276196c1"><material><mattext texttype="text/html">Red</mattext></material></response_label><response_label ident="f06e3d93a9e8b073ee1dfc589cd5bc199911d9b6fa5bb15c5f1846292b8644e6e776c44f877e2dc3"><material><mattext texttype="text/html">Yellow</mattext></material></response_label></render_choice></response_lid></presentation><resprocessing><outcomes><decvar maxvalue="100" minvalue="0" varname="SCORE" vartype="Decimal"/></outcomes><respcondition continue="No"><conditionvar><varequal respident="response1">33931b2bdfc156b3453359163b97bb3d030dfa0be82c88fb762ab16e941c61303e6514febfdca50a</varequal></conditionvar><setvar actoin="Set" varname="SCORE">100</setvar></respcondition></resprocessing></item><item ident="4085c6c77cf4cff660ba6f4e3dc740c63022c044d0c2ed27717821481c445f5f053a597d0564fd34" title="Question"><itemmetadata><qtimetadata><qtimetadatafield><fieldlabel>question_type</fieldlabel><fieldentry>multiple_choice_question</fieldentry></qtimetadatafield><qtimetadatafield><fieldlabel>points_possible</fieldlabel><fieldentry>1</fieldentry></qtimetadatafield><qtimetadatafield><fieldlabel>original_answer_ids</fieldlabel><fieldentry>dad6d712b2f665073b1598dc97ed75fb5d05aa1ed89c456d1467a08c5bff0dba8fa9f9c5450abce2,244a64c0b04eecc7b68beb8e2df0bac53e9ec4046886e64c7fa07cf5f99193755c154bfd61102baf,de3fd9f3c47ceb2b2418283732a1b6387ac554ef1fe72c03d1f6041389bf0a92b8c7ab30cde44226,ed49425efc41e25636642473e044a24bebd3b584f6db5d08af3966364fab5167b283483e2969715e</fieldentry></qtimetadatafield><qtimetadatafield><fieldlabel>assessment_question_identifierref</fieldlabel><fieldentry>68ff95273ca38f608ca95fe1b732d6cb2a900fb554640407985e48fc587e669a85fb47877895516a</fieldentry></qtimetadatafield></qtimetadata></itemmetadata><presentation><material><mattext texttype="text/html">How do you underline text in CSS for a hyperlink?</mattext></material><response_lid ident="response1" rcardinality="Single"><render_choice><response_label ident="dad6d712b2f665073b1598dc97ed75fb5d05aa1ed89c456d1467a08c5bff0dba8fa9f9c5450abce2"><material><mattext texttype="text/html">text-decoration: underline</mattext></material></response_label><response_label ident="244a64c0b04eecc7b68beb8e2df0bac53e9ec4046886e64c7fa07cf5f99193755c154bfd61102baf"><material><mattext texttype="text/html">text-decoration: underline;</mattext></material></response_label><response_label ident="de3fd9f3c47ceb2b2418283732a1b6387ac554ef1fe72c03d1f6041389bf0a92b8c7ab30cde44226"><material><mattext texttype="text/html">underline-text: true;</mattext></material></response_label><response_label ident="ed49425efc41e25636642473e044a24bebd3b584f6db5d08af3966364fab5167b283483e2969715e"><material><mattext texttype="text/html">text-style: underline</mattext></material></response_label></render_choice></response_lid></presentation><resprocessing><outcomes><decvar maxvalue="100" minvalue="0" varname="SCORE" vartype="Decimal"/></outcomes><respcondition continue="No"><conditionvar><varequal respident="response1">244a64c0b04eecc7b68beb8e2df0bac53e9ec4046886e64c7fa07cf5f99193755c154bfd61102baf</varequal></conditionvar><setvar actoin="Set" varname="SCORE">100</setvar></respcondition></resprocessing></item><item ident="c90d9024b6cde9680904a1f902e5289fe887fa1059ff0af731a0b514ee294792932f9ce22a417baf" title="Question"><itemmetadata><qtimetadata><qtimetadatafield><fieldlabel>question_type</fieldlabel><fieldentry>multiple_choice_question</fieldentry></qtimetadatafield><qtimetadatafield><fieldlabel>points_possible</fieldlabel><fieldentry>1</fieldentry></qtimetadatafield><qtimetadatafield><fieldlabel>original_answer_ids</fieldlabel><fieldentry>683b7ff0c4be3694d0766074c67b0571d72f56b06f865133cc07f5f3c3455093059526bb2a41e6b5,121637fccbb6d16cdf8d36e98fe6ee711d1b02bb48eb8cd08cf46e9a00564c16bf0488652b6770d4,e86c47adccc60d58e5b6294de328ce972bb5f6173c39315def7f02b47ad9fedbc7e1491ca869aae8,7c627f0c1a06b77b3c4d12320e5473f71e075cd5a950c34929395d0bc9634f90ef53db90f93c1822</fieldentry></qtimetadatafield><qtimetadatafield><fieldlabel>assessment_question_identifierref</fieldlabel><fieldentry>09304119363c8501886e77310666ab9808057d92094315a4d8528678164623a7cf2d12c09cde994f</fieldentry></qtimetadatafield></qtimetadata></itemmetadata><presentation><material><mattext texttype="text/html">What CSS property is used to remove an underline from a link?</mattext></material><response_lid ident="response1" rcardinality="Single"><render_choice><response_label ident="683b7ff0c4be3694d0766074c67b0571d72f56b06f865133cc07f5f3c3455093059526bb2a41e6b5"><material><mattext texttype="text/html">no-underline: true;</mattext></material></response_label><response_label ident="121637fccbb6d16cdf8d36e98fe6ee711d1b02bb48eb8cd08cf46e9a00564c16bf0488652b6770d4"><material><mattext texttype="text/html">text-style: none</mattext></material></response_label><response_label ident="e86c47adccc60d58e5b6294de328ce972bb5f6173c39315def7f02b47ad9fedbc7e1491ca869aae8"><material><mattext texttype="text/html">text-decoration: none;</mattext></material></response_label><response_label ident="7c627f0c1a06b77b3c4d12320e5473f71e075cd5a950c34929395d0bc9634f90ef53db90f93c1822"><material><mattext texttype="text/html">underline: false</mattext></material></response_label></render_choice></response_lid></presentation><resprocessing><outcomes><decvar maxvalue="100" minvalue="0" varname="SCORE" vartype="Decimal"/></outcomes><respcondition continue="No"><conditionvar><varequal respident="response1">e86c47adccc60d58e5b6294de328ce972bb5f6173c39315def7f02b47ad9fedbc7e1491ca869aae8</varequal></conditionvar><setvar actoin="Set" varname="SCORE">100</setvar></respcondition></resprocessing></item><item ident="bbb85e64f554fd6b8d6db4a8d3cfcabfaed0fa9f989ff8239292b2a5f1b7563f7c742ecd22fbee43" title="Question"><itemmetadata><qtimetadata><qtimetadatafield><fieldlabel>question_type</fieldlabel><fieldentry>multiple_choice_question</fieldentry></qtimetadatafield><qtimetadatafield><fieldlabel>points_possible</fieldlabel><fieldentry>1</fieldentry></qtimetadatafield><qtimetadatafield><fieldlabel>original_answer_ids</fieldlabel><fieldentry>f8734b19fd7c2e4c427746d9399b73f78267865b3562d638167a77a2f7e90f14ec349a6cfe576622,f117e4c9904e6cefe6df1d0626314c2b96ebf86cfead4952452087d7a4eb4365320ebd7579e180c2,c52d6846f34e4947b62dc25700d6a7e13df9635d191b051726827498a6056efec6f4ea5b9d487beb,a726b884a8934fc1a1e1e304cd79a25aad19e59a4407392d0e2e5a2a6e1e7390d5670d0b4adea30f</fieldentry></qtimetadatafield><qtimetadatafield><fieldlabel>assessment_question_identifierref</fieldlabel><fieldentry>427fbed59559cf9619330c5b3791a0b4a70e1c8876590dc815c5d0f1f3d44d0239ce00cd1807430c</fieldentry></qtimetadatafield></qtimetadata></itemmetadata><presentation><material><mattext texttype="text/html">How would you create a link that sends an email in HTML?</mattext></material><response_lid ident="response1" rcardinality="Single"><render_choice><response_label ident="f8734b19fd7c2e4c427746d9399b73f78267865b3562d638167a77a2f7e90f14ec349a6cfe576622"><material><mattext texttype="text/html">a href="send:email@example.com"</mattext></material></response_label><response_label ident="f117e4c9904e6cefe6df1d0626314c2b96ebf86cfead4952452087d7a4eb4365320ebd7579e180c2"><material><mattext texttype="text/html">a href="email@example.com"</mattext></material></response_label><response_label ident="c52d6846f34e4947b62dc25700d6a7e13df9635d191b051726827498a6056efec6f4ea5b9d487beb"><material><mattext texttype="text/html">a href="mailto:email@example.com"</mattext></material></response_label><response_label ident="a726b884a8934fc1a1e1e304cd79a25aad19e59a4407392d0e2e5a2a6e1e7390d5670d0b4adea30f"><material><mattext texttype="text/html">a link="email@example.com"</mattext></material></response_label></render_choice></response_lid></presentation><resprocessing><outcomes><decvar maxvalue="100" minvalue="0" varname="SCORE" vartype="Decimal"/></outcomes><respcondition continue="No"><conditionvar><varequal respident="response1">c52d6846f34e4947b62dc25700d6a7e13df9635d191b051726827498a6056efec6f4ea5b9d487beb</varequal></conditionvar><setvar actoin="Set" varname="SCORE">100</setvar></respcondition></resprocessing></item><item ident="3185b0c31116f2d347e3246bc3dec496889feda7dbb5f5233af086f8bc255dd292963553d309159f" title="Question"><itemmetadata><qtimetadata><qtimetadatafield><fieldlabel>question_type</fieldlabel><fieldentry>multiple_choice_question</fieldentry></qtimetadatafield><qtimetadatafield><fieldlabel>points_possible</fieldlabel><fieldentry>1</fieldentry></qtimetadatafield><qtimetadatafield><fieldlabel>original_answer_ids</fieldlabel><fieldentry>cd34d036fa60af202f4355c9d9704082d0839acfbb8d459d1794f8d963d5e513b8e724070f42205b,a4553e140011a43d4024e415d3438befe56a01cc1ab1cd532c4aaa9205c259a667f1103b78f58add,617a563654ee7ae7348b95591a22a588896f91374a67026e066bde4078918fdeb321d5916c52d45c,101c62e4be3d57c6953b10a431d2095f7f2f2a7d3312bcfb551d1805c5b02669e16e24c5ccc26f34</fieldentry></qtimetadatafield><qtimetadatafield><fieldlabel>assessment_question_identifierref</fieldlabel><fieldentry>a7e3ea798e4cc4aac242aed73cfcaad1985e54c98713d013ebdba019ac7868dec5fb5811e0450acc</fieldentry></qtimetadatafield></qtimetadata></itemmetadata><presentation><material><mattext texttype="text/html">What pseudo-class in CSS targets only unvisited links?</mattext></material><response_lid ident="response1" rcardinality="Single"><render_choice><response_label ident="cd34d036fa60af202f4355c9d9704082d0839acfbb8d459d1794f8d963d5e513b8e724070f42205b"><material><mattext texttype="text/html">a:unvisited</mattext></material></response_label><response_label ident="a4553e140011a43d4024e415d3438befe56a01cc1ab1cd532c4aaa9205c259a667f1103b78f58add"><material><mattext texttype="text/html">a:link</mattext></material></response_label><response_label ident="617a563654ee7ae7348b95591a22a588896f91374a67026e066bde4078918fdeb321d5916c52d45c"><material><mattext texttype="text/html">link:unvisited</mattext></material></response_label><response_label ident="101c62e4be3d57c6953b10a431d2095f7f2f2a7d3312bcfb551d1805c5b02669e16e24c5ccc26f34"><material><mattext texttype="text/html">a:not-visited</mattext></material></response_label></render_choice></response_lid></presentation><resprocessing><outcomes><decvar maxvalue="100" minvalue="0" varname="SCORE" vartype="Decimal"/></outcomes><respcondition continue="No"><conditionvar><varequal respident="response1">a4553e140011a43d4024e415d3438befe56a01cc1ab1cd532c4aaa9205c259a667f1103b78f58add</varequal></conditionvar><setvar actoin="Set" varname="SCORE">100</setvar></respcondition></resprocessing></item><item ident="bc9f231d57c1742d4c54b5e75066af4413788f914e9dbdad2d5885e9527ae00a3f65066ac76e921a" title="Question"><itemmetadata><qtimetadata><qtimetadatafield><fieldlabel>question_type</fieldlabel><fieldentry>multiple_choice_question</fieldentry></qtimetadatafield><qtimetadatafield><fieldlabel>points_possible</fieldlabel><fieldentry>1</fieldentry></qtimetadatafield><qtimetadatafield><fieldlabel>original_answer_ids</fieldlabel><fieldentry>d6d36a83a095ffdc542eb254ba7ad5c045afad7da993da9232cec416891ee5c9519ba722dad8f0b6,49b300023038d509e60310a74082ac642314b46313e969ed74d8ec7868ab01a103f5912e95450e7d,c2c27ca775f5cd6823b082a042a94b17dd4b404b5b3b3ede2599855ff356856e0f80cdf43aa16685,0fdaac35414aa33984e94d03494cb6eeda49549fbee37b27ef0b59c84a20e2dc24d8060e4c194ebd</fieldentry></qtimetadatafield><qtimetadatafield><fieldlabel>assessment_question_identifierref</fieldlabel><fieldentry>5c738e141e7846fc18a6148e8b932acadb57f577f0956d877217a7e5d8ea7407516aba9a92813d6f</fieldentry></qtimetadatafield></qtimetadata></itemmetadata><presentation><material><mattext texttype="text/html">What is the correct way to include an internal CSS for styling links in an HTML document?</mattext></material><response_lid ident="response1" rcardinality="Single"><render_choice><response_label ident="d6d36a83a095ffdc542eb254ba7ad5c045afad7da993da9232cec416891ee5c9519ba722dad8f0b6"><material><mattext texttype="text/html">link rel="stylesheet" type="text/css" href="style.css"</mattext></material></response_label><response_label ident="49b300023038d509e60310a74082ac642314b46313e969ed74d8ec7868ab01a103f5912e95450e7d"><material><mattext texttype="text/html">link rel="stylesheet" href="style.css"</mattext></material></response_label><response_label ident="c2c27ca775f5cd6823b082a042a94b17dd4b404b5b3b3ede2599855ff356856e0f80cdf43aa16685"><material><mattext texttype="text/html">style a { color: blue; }</mattext></material></response_label><response_label ident="0fdaac35414aa33984e94d03494cb6eeda49549fbee37b27ef0b59c84a20e2dc24d8060e4c194ebd"><material><mattext texttype="text/html">link style="a { color: blue; }"</mattext></material></response_label></render_choice></response_lid></presentation><resprocessing><outcomes><decvar maxvalue="100" minvalue="0" varname="SCORE" vartype="Decimal"/></outcomes><respcondition continue="No"><conditionvar><varequal respident="response1">c2c27ca775f5cd6823b082a042a94b17dd4b404b5b3b3ede2599855ff356856e0f80cdf43aa16685</varequal></conditionvar><setvar actoin="Set" varname="SCORE">100</setvar></respcondition></resprocessing></item></section></assessment></questestinterop>
