<?xml version="1.0" encoding="UTF-8"?>
<questestinterop xmlns="http://www.imsglobal.org/xsd/ims_qtiasiv1p2" xmlns:xsi="http://www.w3.org/2001/XMLSchema-instance" xsi:schemaLocation="http://www.imsglobal.org/xsd/ims_qtiasiv1p2 http://www.imsglobal.org/xsd/ims_qtiasiv1p2p1.xsd"><assessment ident="6f483135d6a388f76c54034ac54fbd773bb277e64039987eadc4a066b2b8222e60b8013011f9855b" title="layout"><qtimetadata><qtimetadatafield><fieldlabel>cc_maxattempts</fieldlabel><fieldentry>1</fieldentry></qtimetadatafield></qtimetadata><section ident="root_section"><item ident="ea9ba4642b6a294e875c8477e465d8a24006cae507d5650e7d12fcd1dda98db5c6524d1d59fe3919" title="Question"><itemmetadata><qtimetadata><qtimetadatafield><fieldlabel>question_type</fieldlabel><fieldentry>short_answer_question</fieldentry></qtimetadatafield><qtimetadatafield><fieldlabel>points_possible</fieldlabel><fieldentry>1</fieldentry></qtimetadatafield><qtimetadatafield><fieldlabel>original_answer_ids</fieldlabel><fieldentry>c5ffef7cf34fe0a8b9f594af2083461d9a05f783102916d319857e62fec31db9a36ba2407ca94a16</fieldentry></qtimetadatafield><qtimetadatafield><fieldlabel>assessment_question_identifierref</fieldlabel><fieldentry>3f1b0988afbba066a09f30cf3a222e7cb49a0067457fa77a81b94d360145d660de09833fd8ef1d97</fieldentry></qtimetadatafield></qtimetadata></itemmetadata><presentation><material><mattext texttype="text/html">Which HTML element is used to define a header for a document or section?</mattext></material><response_str ident="response1" rcardinality="Single"><render_fib><response_label ident="answer1" rshuffle="No"/></render_fib></response_str></presentation><resprocessing><outcomes><decvar maxvalue="100" minvalue="0" varname="SCORE" vartype="Decimal"/></outcomes><respcondition continue="No"><conditionvar><varequal respident="response1">header</varequal></conditionvar><setvar actoin="Set" varname="SCORE">100</setvar></respcondition></resprocessing></item><item ident="dfff0a65d79f80087b9b7a7ae5af3e6b293ad282c197a63e58175a669e3abe923cff4a9e1ca2eaeb" title="Question"><itemmetadata><qtimetadata><qtimetadatafield><fieldlabel>question_type</fieldlabel><fieldentry>short_answer_question</fieldentry></qtimetadatafield><qtimetadatafield><fieldlabel>points_possible</fieldlabel><fieldentry>1</fieldentry></qtimetadatafield><qtimetadatafield><fieldlabel>original_answer_ids</fieldlabel><fieldentry>b166fdc5119bd836da176795429fd31d40fb3f8cd29b759f68df1b290016b3216bf63176494409c4</fieldentry></qtimetadatafield><qtimetadatafield><fieldlabel>assessment_question_identifierref</fieldlabel><fieldentry>6cbbf93f954c377d3b0dfaead68b51310f11941b666889674919a25381b03372f33b7d36c3b8bb07</fieldentry></qtimetadatafield></qtimetadata></itemmetadata><presentation><material><mattext texttype="text/html">What element would you use to define a set of navigation links in a webpage?</mattext></material><response_str ident="response1" rcardinality="Single"><render_fib><response_label ident="answer1" rshuffle="No"/></render_fib></response_str></presentation><resprocessing><outcomes><decvar maxvalue="100" minvalue="0" varname="SCORE" vartype="Decimal"/></outcomes><respcondition continue="No"><conditionvar><varequal respident="response1">nav</varequal></conditionvar><setvar actoin="Set" varname="SCORE">100</setvar></respcondition></resprocessing></item><item ident="eaf21d8c65e0d7a74935fb6fb1e9559b430854ae84312684c2ba694b5435526e54df6c0c3aacebd0" title="Question"><itemmetadata><qtimetadata><qtimetadatafield><fieldlabel>question_type</fieldlabel><fieldentry>short_answer_question</fieldentry></qtimetadatafield><qtimetadatafield><fieldlabel>points_possible</fieldlabel><fieldentry>1</fieldentry></qtimetadatafield><qtimetadatafield><fieldlabel>original_answer_ids</fieldlabel><fieldentry>0d8cb4009894fb3f0ae7bacd11a9cf0a8c507f5c752b30fd20a3ac2a0f717612b7260b497948a9fb</fieldentry></qtimetadatafield><qtimetadatafield><fieldlabel>assessment_question_identifierref</fieldlabel><fieldentry>7b3bb075be58cf3239815cd03df51f0cc8612994e799b9c46321b60b7eab868be7a9b382a4a68c2e</fieldentry></qtimetadatafield></qtimetadata></itemmetadata><presentation><material><mattext texttype="text/html">If you want to define an independent, self-contained content, which HTML tag should you use?</mattext></material><response_str ident="response1" rcardinality="Single"><render_fib><response_label ident="answer1" rshuffle="No"/></render_fib></response_str></presentation><resprocessing><outcomes><decvar maxvalue="100" minvalue="0" varname="SCORE" vartype="Decimal"/></outcomes><respcondition continue="No"><conditionvar><varequal respident="response1">article</varequal></conditionvar><setvar actoin="Set" varname="SCORE">100</setvar></respcondition></resprocessing></item><item ident="66b28c409faf5f5226aa15257fbc2ca23fb206935376a2462956f7f05683bb7cbc9d6acbd8557197" title="Question"><itemmetadata><qtimetadata><qtimetadatafield><fieldlabel>question_type</fieldlabel><fieldentry>short_answer_question</fieldentry></qtimetadatafield><qtimetadatafield><fieldlabel>points_possible</fieldlabel><fieldentry>1</fieldentry></qtimetadatafield><qtimetadatafield><fieldlabel>original_answer_ids</fieldlabel><fieldentry>5dbcb9ac4e763674d18df3fd546e32205424dac4d6f7b991a3237f3d0fddae7dfa603506999ca7c6</fieldentry></qtimetadatafield><qtimetadatafield><fieldlabel>assessment_question_identifierref</fieldlabel><fieldentry>e0f4e36bdd34a44809e0e00bbf8fa7c37d5281d6d80cfc562019a6eb2f44af5a60e230fdb3ae957e</fieldentry></qtimetadatafield></qtimetadata></itemmetadata><presentation><material><mattext texttype="text/html">Which HTML tag is specifically used to define content aside from the main content, like a sidebar?</mattext></material><response_str ident="response1" rcardinality="Single"><render_fib><response_label ident="answer1" rshuffle="No"/></render_fib></response_str></presentation><resprocessing><outcomes><decvar maxvalue="100" minvalue="0" varname="SCORE" vartype="Decimal"/></outcomes><respcondition continue="No"><conditionvar><varequal respident="response1">aside</varequal></conditionvar><setvar actoin="Set" varname="SCORE">100</setvar></respcondition></resprocessing></item><item ident="8c450aee019b00f790741bdb92818a7841cfbb84f00353d9bba9f92c6db380297892ecbcd3926a30" title="Question"><itemmetadata><qtimetadata><qtimetadatafield><fieldlabel>question_type</fieldlabel><fieldentry>multiple_choice_question</fieldentry></qtimetadatafield><qtimetadatafield><fieldlabel>points_possible</fieldlabel><fieldentry>1</fieldentry></qtimetadatafield><qtimetadatafield><fieldlabel>original_answer_ids</fieldlabel><fieldentry>0f1171dfdc185bde03719390cf94459bbd86e0bb5719fa7a231bade007b8ad957420c292e60ead6e,519dda7c1d3e53bfc8494b8a72b794f72d2a4207198d5559dd044f7fa57c24c89aa9d9fbeae1746c,cedf5ac8036718175d33b5bf1658b0f34ba9d65d8022ab2ead9dbec08ae1c4ea597d87b29c951ab9,19dbb1e2fc942d7df1fd8ccd9aedde4f6f51ed59051fb8cc5f605f5d80bf1d8923150edbd52f71d8</fieldentry></qtimetadatafield><qtimetadatafield><fieldlabel>assessment_question_identifierref</fieldlabel><fieldentry>fdb2b29214ba7d66239ccb12c48b34079da3f3812de5009f4d00e6cab36953ef2559a610edde9a92</fieldentry></qtimetadatafield></qtimetadata></itemmetadata><presentation><material><mattext texttype="text/html">What is the purpose of the &lt;section&gt; tag in HTML?</mattext></material><response_lid ident="response1" rcardinality="Single"><render_choice><response_label ident="0f1171dfdc185bde03719390cf94459bbd86e0bb5719fa7a231bade007b8ad957420c292e60ead6e"><material><mattext texttype="text/html">To define a set of navigation links</mattext></material></response_label><response_label ident="519dda7c1d3e53bfc8494b8a72b794f72d2a4207198d5559dd044f7fa57c24c89aa9d9fbeae1746c"><material><mattext texttype="text/html">To define a footer</mattext></material></response_label><response_label ident="cedf5ac8036718175d33b5bf1658b0f34ba9d65d8022ab2ead9dbec08ae1c4ea597d87b29c951ab9"><material><mattext texttype="text/html">To define a section in a document</mattext></material></response_label><response_label ident="19dbb1e2fc942d7df1fd8ccd9aedde4f6f51ed59051fb8cc5f605f5d80bf1d8923150edbd52f71d8"><material><mattext texttype="text/html">To define additional details</mattext></material></response_label></render_choice></response_lid></presentation><resprocessing><outcomes><decvar maxvalue="100" minvalue="0" varname="SCORE" vartype="Decimal"/></outcomes><respcondition continue="No"><conditionvar><varequal respident="response1">cedf5ac8036718175d33b5bf1658b0f34ba9d65d8022ab2ead9dbec08ae1c4ea597d87b29c951ab9</varequal></conditionvar><setvar actoin="Set" varname="SCORE">100</setvar></respcondition></resprocessing></item><item ident="122d94b49d133265f34d0b1f432d554939a6d7f573ccaedcbfd872e2957338da237ee4ce353d084c" title="Question"><itemmetadata><qtimetadata><qtimetadatafield><fieldlabel>question_type</fieldlabel><fieldentry>short_answer_question</fieldentry></qtimetadatafield><qtimetadatafield><fieldlabel>points_possible</fieldlabel><fieldentry>1</fieldentry></qtimetadatafield><qtimetadatafield><fieldlabel>original_answer_ids</fieldlabel><fieldentry>22d81a179743a2d174b31b0fbfc0fd48bd2cf7e170aeb9ebacd6741ffa4af0ebb4248fd8bff68627</fieldentry></qtimetadatafield><qtimetadatafield><fieldlabel>assessment_question_identifierref</fieldlabel><fieldentry>ac613cb4535a75621ba8d3e17bc3a9ac660aacb09c286525d0e4f5ec2a7787294e278a6693b27f3b</fieldentry></qtimetadatafield></qtimetadata></itemmetadata><presentation><material><mattext texttype="text/html">Which element is used to define a footer for a document or section?</mattext></material><response_str ident="response1" rcardinality="Single"><render_fib><response_label ident="answer1" rshuffle="No"/></render_fib></response_str></presentation><resprocessing><outcomes><decvar maxvalue="100" minvalue="0" varname="SCORE" vartype="Decimal"/></outcomes><respcondition continue="No"><conditionvar><varequal respident="response1">footer</varequal></conditionvar><setvar actoin="Set" varname="SCORE">100</setvar></respcondition></resprocessing></item><item ident="f45297a3297c67b5ae8e784e4111d4d200dacbe1f6a5429c28ab9f4f05eff5e60fd8b2116e6ce8cb" title="Question"><itemmetadata><qtimetadata><qtimetadatafield><fieldlabel>question_type</fieldlabel><fieldentry>multiple_choice_question</fieldentry></qtimetadatafield><qtimetadatafield><fieldlabel>points_possible</fieldlabel><fieldentry>1</fieldentry></qtimetadatafield><qtimetadatafield><fieldlabel>original_answer_ids</fieldlabel><fieldentry>246999867aab4fb57a1e0b7950b01e37f4a1ceb157fbb43d1ae60ef167a5ca4e37c26f4dc8713f01,aa6c4ab3db70ada8cf3907e92f6c680c919253aa58d8b8af445928d2f91646cc3c02dc2908e32e59,ca662251d470b9d0da0b61bcabe9b1579830268b03485d0bcb77979559b868d59c50d4513fa5c309,5f77ee06ff76e3b616fcc3ce9190941cd567b7fe6d0ed5f72f877c79efe0c7cae5f020c56a222af8</fieldentry></qtimetadatafield><qtimetadatafield><fieldlabel>assessment_question_identifierref</fieldlabel><fieldentry>0360f6e40d4f19ee77849321f41650eb921f0b03851cdde21b31871d88470c805c39a88d25b138d9</fieldentry></qtimetadatafield></qtimetadata></itemmetadata><presentation><material><mattext texttype="text/html">How can you create a toggleable section that the user can open and close to reveal additional details?</mattext></material><response_lid ident="response1" rcardinality="Single"><render_choice><response_label ident="246999867aab4fb57a1e0b7950b01e37f4a1ceb157fbb43d1ae60ef167a5ca4e37c26f4dc8713f01"><material><mattext texttype="text/html">Using the &lt;toggle&gt; element</mattext></material></response_label><response_label ident="aa6c4ab3db70ada8cf3907e92f6c680c919253aa58d8b8af445928d2f91646cc3c02dc2908e32e59"><material><mattext texttype="text/html">Using the &lt;details&gt; element</mattext></material></response_label><response_label ident="ca662251d470b9d0da0b61bcabe9b1579830268b03485d0bcb77979559b868d59c50d4513fa5c309"><material><mattext texttype="text/html">Using the &lt;summary&gt; element</mattext></material></response_label><response_label ident="5f77ee06ff76e3b616fcc3ce9190941cd567b7fe6d0ed5f72f877c79efe0c7cae5f020c56a222af8"><material><mattext texttype="text/html">Using the &lt;aside&gt; element</mattext></material></response_label></render_choice></response_lid></presentation><resprocessing><outcomes><decvar maxvalue="100" minvalue="0" varname="SCORE" vartype="Decimal"/></outcomes><respcondition continue="No"><conditionvar><varequal respident="response1">aa6c4ab3db70ada8cf3907e92f6c680c919253aa58d8b8af445928d2f91646cc3c02dc2908e32e59</varequal></conditionvar><setvar actoin="Set" varname="SCORE">100</setvar></respcondition></resprocessing></item><item ident="6f40dd0c43258bd76d464908957412a86bf4be5ac0bb439cbee5b4f6035793c9571089d96799fae8" title="Question"><itemmetadata><qtimetadata><qtimetadatafield><fieldlabel>question_type</fieldlabel><fieldentry>short_answer_question</fieldentry></qtimetadatafield><qtimetadatafield><fieldlabel>points_possible</fieldlabel><fieldentry>1</fieldentry></qtimetadatafield><qtimetadatafield><fieldlabel>original_answer_ids</fieldlabel><fieldentry>731e92e9d2077cb03852287f5d561f9b4dd3710ee59d97da7ec9e05f41be13a1b7155d84008d5faf</fieldentry></qtimetadatafield><qtimetadatafield><fieldlabel>assessment_question_identifierref</fieldlabel><fieldentry>59b1185a9c5f8e147f15723f1ce6f79d239c3561035ea2adaa8623bb4b6c76003eafc8715e0f47c1</fieldentry></qtimetadatafield></qtimetadata></itemmetadata><presentation><material><mattext texttype="text/html">Which HTML element acts as a heading for the &lt;details&gt; element?</mattext></material><response_str ident="response1" rcardinality="Single"><render_fib><response_label ident="answer1" rshuffle="No"/></render_fib></response_str></presentation><resprocessing><outcomes><decvar maxvalue="100" minvalue="0" varname="SCORE" vartype="Decimal"/></outcomes><respcondition continue="No"><conditionvar><varequal respident="response1">summary</varequal></conditionvar><setvar actoin="Set" varname="SCORE">100</setvar></respcondition></resprocessing></item><item ident="56553fa95fbd5643892a171ee79360e3c1d7ad07b21fae6bcc51b5db45f3f10df6d1ab8c2a1a2129" title="Question"><itemmetadata><qtimetadata><qtimetadatafield><fieldlabel>question_type</fieldlabel><fieldentry>multiple_choice_question</fieldentry></qtimetadatafield><qtimetadatafield><fieldlabel>points_possible</fieldlabel><fieldentry>1</fieldentry></qtimetadatafield><qtimetadatafield><fieldlabel>original_answer_ids</fieldlabel><fieldentry>295cce4a40a76622e2ca9a6380e9ed3baab06c68480d9e3155ed7a7478c6f95cfc8f5d4cd4236f6e,f27335a48697408b123fb994f6b816da326e5e04e0edeb73f8afd08f1999abe9fb34eacb4dc2e78d,d1de06b77adab963a4659e0edf009d4ba5bf0bd91acb1fdb08196bf8fa8642f503850252e1c783c5,bf67338292a705f11544b425e1e1664c638607e7a16022fd9815921ec5693748b494e4c2f7bc6c00</fieldentry></qtimetadatafield><qtimetadatafield><fieldlabel>assessment_question_identifierref</fieldlabel><fieldentry>42156a00177d99308fc1eebe856577fc5f1bc588f50e7d421213618f9e3986fa868f837fb75d3830</fieldentry></qtimetadatafield></qtimetadata></itemmetadata><presentation><material><mattext texttype="text/html">If you want to create a semantic layout that organizes the content into logical parts, which of the following tags would NOT be used?</mattext></material><response_lid ident="response1" rcardinality="Single"><render_choice><response_label ident="295cce4a40a76622e2ca9a6380e9ed3baab06c68480d9e3155ed7a7478c6f95cfc8f5d4cd4236f6e"><material><mattext texttype="text/html">header</mattext></material></response_label><response_label ident="f27335a48697408b123fb994f6b816da326e5e04e0edeb73f8afd08f1999abe9fb34eacb4dc2e78d"><material><mattext texttype="text/html">footer</mattext></material></response_label><response_label ident="d1de06b77adab963a4659e0edf009d4ba5bf0bd91acb1fdb08196bf8fa8642f503850252e1c783c5"><material><mattext texttype="text/html">article</mattext></material></response_label><response_label ident="bf67338292a705f11544b425e1e1664c638607e7a16022fd9815921ec5693748b494e4c2f7bc6c00"><material><mattext texttype="text/html">div</mattext></material></response_label></render_choice></response_lid></presentation><resprocessing><outcomes><decvar maxvalue="100" minvalue="0" varname="SCORE" vartype="Decimal"/></outcomes><respcondition continue="No"><conditionvar><varequal respident="response1">bf67338292a705f11544b425e1e1664c638607e7a16022fd9815921ec5693748b494e4c2f7bc6c00</varequal></conditionvar><setvar actoin="Set" varname="SCORE">100</setvar></respcondition></resprocessing></item><item ident="8c2694550a9361cb6985e8935f1bd4aace343f3e8a2bec6fae9ec9e9c1e30a6c7e3f207cd80e31e4" title="Question"><itemmetadata><qtimetadata><qtimetadatafield><fieldlabel>question_type</fieldlabel><fieldentry>multiple_choice_question</fieldentry></qtimetadatafield><qtimetadatafield><fieldlabel>points_possible</fieldlabel><fieldentry>1</fieldentry></qtimetadatafield><qtimetadatafield><fieldlabel>original_answer_ids</fieldlabel><fieldentry>2a11062210dbff4c9b5db5422ab53d2cdb97b492ab32d559f7e6666abeaf0b312fc472bdfccd5815,47e8727f7cce542d9d0c253ff39e14e9ee2e3cab173e81b4e67554566ade5ecedc95c8d51e1f585b,59c6e4e0bb2f35e9689a78b79f6c788fbb3dde359e4c25cbd4c6d5a46ff07a5ddf519c58db759c55,f68f5a00e08faaf82bcc1cf711be427632171431a326f5a23cde1d0b9cdcf43e6a30e969b83c89ba</fieldentry></qtimetadatafield><qtimetadatafield><fieldlabel>assessment_question_identifierref</fieldlabel><fieldentry>84ec460d0c6b6239c860a2e20d5f63a3d68316da17635796a43939e7226b524f04f7ba1f6d3bddf5</fieldentry></qtimetadatafield></qtimetadata></itemmetadata><presentation><material><mattext texttype="text/html">How do semantic elements in HTML differ from non-semantic elements?</mattext></material><response_lid ident="response1" rcardinality="Single"><render_choice><response_label ident="2a11062210dbff4c9b5db5422ab53d2cdb97b492ab32d559f7e6666abeaf0b312fc472bdfccd5815"><material><mattext texttype="text/html">Semantic elements are used for styling only</mattext></material></response_label><response_label ident="47e8727f7cce542d9d0c253ff39e14e9ee2e3cab173e81b4e67554566ade5ecedc95c8d51e1f585b"><material><mattext texttype="text/html">Semantic elements carry meaning about the structure of the content</mattext></material></response_label><response_label ident="59c6e4e0bb2f35e9689a78b79f6c788fbb3dde359e4c25cbd4c6d5a46ff07a5ddf519c58db759c55"><material><mattext texttype="text/html">Semantic elements can be used to create iframes</mattext></material></response_label><response_label ident="f68f5a00e08faaf82bcc1cf711be427632171431a326f5a23cde1d0b9cdcf43e6a30e969b83c89ba"><material><mattext texttype="text/html">Semantic elements define the visual appearance of the content</mattext></material></response_label></render_choice></response_lid></presentation><resprocessing><outcomes><decvar maxvalue="100" minvalue="0" varname="SCORE" vartype="Decimal"/></outcomes><respcondition continue="No"><conditionvar><varequal respident="response1">47e8727f7cce542d9d0c253ff39e14e9ee2e3cab173e81b4e67554566ade5ecedc95c8d51e1f585b</varequal></conditionvar><setvar actoin="Set" varname="SCORE">100</setvar></respcondition></resprocessing></item></section></assessment></questestinterop>
